timestamp_utc,match_id,team_id,opponent_id,score,rating_before,rating_after,k_factor,replay_path
2026-08-28T20:28:27Z,8a01b253741d,simple-four-modes,vertical-wingbacks,0.5,1500.0,1500.0,32,var/matches/matches/20260828T202638Z-8a01b253741d-simple-four-modes-vs-vertical-wingbacks.ndjson
2026-08-28T20:28:27Z,8a01b253741d,vertical-wingbacks,simple-four-modes,0.5,1500.0,1500.0,32,var/matches/matches/20260828T202638Z-8a01b253741d-simple-four-modes-vs-vertical-wingbacks.ndjson
2026-08-28T20:54:46Z,47f7a38a2c78,nova-strict,simple-four-modes,0.5,1500.0,1500.0,32,var/matches/matches/20260828T205253Z-47f7a38a2c78-nova-strict-vs-simple-four-modes.ndjson
2026-08-28T20:54:46Z,47f7a38a2c78,simple-four-modes,nova-strict,0.5,1500.0,1500.0,32,var/matches/matches/20260828T205253Z-47f7a38a2c78-nova-strict-vs-simple-four-modes.ndjson
2026-08-28T20:59:26Z,dafa2e6a6f56,nova-vertical,release-and-run,1.0,1500.0,1516.0,32,var/matches/matches/20260828T205655Z-dafa2e6a6f56-nova-vertical-vs-release-and-run.ndjson
2026-08-28T20:59:26Z,dafa2e6a6f56,release-and-run,nova-vertical,0.0,1500.0,1484.0,32,var/matches/matches/20260828T205655Z-dafa2e6a6f56-nova-vertical-vs-release-and-run.ndjson
2026-08-28T21:04:15Z,cf69f033f69b,nova-vertical,vertical-wingbacks,0.5,1516.0,1515.264,32,var/matches/matches/20260828T210143Z-cf69f033f69b-nova-vertical-vs-vertical-wingbacks.ndjson
2026-08-28T21:04:15Z,cf69f033f69b,vertical-wingbacks,nova-vertical,0.5,1500.0,1500.736,32,var/matches/matches/20260828T210143Z-cf69f033f69b-nova-vertical-vs-vertical-wingbacks.ndjson
2026-08-28T21:06:58Z,64e2c5147c60,release-and-run,simple-four-modes,1.0,1484.0,1500.736,32,var/matches/matches/20260828T210415Z-64e2c5147c60-release-and-run-vs-simple-four-modes.ndjson
2026-08-28T21:06:58Z,64e2c5147c60,simple-four-modes,release-and-run,0.0,1500.0,1483.264,32,var/matches/matches/20260828T210415Z-64e2c5147c60-release-and-run-vs-simple-four-modes.ndjson
2026-08-28T21:12:47Z,7b2ee6f16e19,simple-four-modes,vertical-wingbacks,0.5,1483.264,1484.068,32,var/matches/matches/20260828T211002Z-7b2ee6f16e19-simple-four-modes-vs-vertical-wingbacks.ndjson
2026-08-28T21:12:47Z,7b2ee6f16e19,vertical-wingbacks,simple-four-modes,0.5,1500.736,1499.932,32,var/matches/matches/20260828T211002Z-7b2ee6f16e19-simple-four-modes-vs-vertical-wingbacks.ndjson
2026-08-28T21:21:13Z,802275682b41,release-counterpress-g1,nova-vertical,0.5,1500.0,1500.702,32,var/matches/matches/20260828T211839Z-802275682b41-release-counterpress-g1-vs-nova-vertical.ndjson
2026-08-28T21:21:13Z,802275682b41,nova-vertical,release-counterpress-g1,0.5,1515.264,1514.562,32,var/matches/matches/20260828T211839Z-802275682b41-release-counterpress-g1-vs-nova-vertical.ndjson
2026-08-28T21:26:58Z,9475b66f4322,release-counterpress-g1,vertical-safe-release-g1,0.5,1500.702,1500.67,32,var/matches/matches/20260828T212515Z-9475b66f4322-release-counterpress-g1-vs-vertical-safe-release-g1.ndjson
2026-08-28T21:26:58Z,9475b66f4322,vertical-safe-release-g1,release-counterpress-g1,0.5,1500.0,1500.032,32,var/matches/matches/20260828T212515Z-9475b66f4322-release-counterpress-g1-vs-vertical-safe-release-g1.ndjson
2026-08-28T21:29:09Z,2273399b50c9,vertical-direct-shot-g1,release-and-run,0.0,1500.0,1484.034,32,var/matches/matches/20260828T212658Z-2273399b50c9-vertical-direct-shot-g1-vs-release-and-run.ndjson
2026-08-28T21:29:09Z,2273399b50c9,release-and-run,vertical-direct-shot-g1,1.0,1500.736,1516.702,32,var/matches/matches/20260828T212658Z-2273399b50c9-vertical-direct-shot-g1-vs-release-and-run.ndjson
2026-08-28T21:31:33Z,7ce889307d29,vertical-safe-release-g1,release-and-run,0.0,1500.032,1484.799,32,var/matches/matches/20260828T212948Z-7ce889307d29-vertical-safe-release-g1-vs-release-and-run.ndjson
2026-08-28T21:31:33Z,7ce889307d29,release-and-run,vertical-safe-release-g1,1.0,1516.702,1531.935,32,var/matches/matches/20260828T212948Z-7ce889307d29-vertical-safe-release-g1-vs-release-and-run.ndjson
2026-08-28T21:33:56Z,c8fd60700a2c,release-and-run,vertical-safe-release-g1,0.5,1531.935,1529.778,32,var/matches/matches/20260828T213133Z-c8fd60700a2c-release-and-run-vs-vertical-safe-release-g1.ndjson
2026-08-28T21:33:56Z,c8fd60700a2c,vertical-safe-release-g1,release-and-run,0.5,1484.799,1486.956,32,var/matches/matches/20260828T213133Z-c8fd60700a2c-release-and-run-vs-vertical-safe-release-g1.ndjson
2026-08-28T21:39:03Z,0fa640d725ee,release-and-run,nova-vertical,0.5,1529.778,1529.078,32,var/matches/matches/20260828T213631Z-0fa640d725ee-release-and-run-vs-nova-vertical.ndjson
2026-08-28T21:39:03Z,0fa640d725ee,nova-vertical,release-and-run,0.5,1514.562,1515.262,32,var/matches/matches/20260828T213631Z-0fa640d725ee-release-and-run-vs-nova-vertical.ndjson
2026-08-28T21:48:30Z,b8c07b8ad2e9,nova-vertical,release-deep-denial-g3,0.5,1515.262,1514.56,32,var/matches/matches/20260828T214646Z-b8c07b8ad2e9-nova-vertical-vs-release-deep-denial-g3.ndjson
2026-08-28T21:48:30Z,b8c07b8ad2e9,release-deep-denial-g3,nova-vertical,0.5,1500.0,1500.702,32,var/matches/matches/20260828T214646Z-b8c07b8ad2e9-nova-vertical-vs-release-deep-denial-g3.ndjson
2026-08-28T21:57:08Z,8c2db8f8eab6,nova-vertical,release-deep-denial-g4,0.5,1514.56,1513.89,32,var/matches/matches/20260828T215526Z-8c2db8f8eab6-nova-vertical-vs-release-deep-denial-g4.ndjson
2026-08-28T21:57:08Z,8c2db8f8eab6,release-deep-denial-g4,nova-vertical,0.5,1500.0,1500.67,32,var/matches/matches/20260828T215526Z-8c2db8f8eab6-nova-vertical-vs-release-deep-denial-g4.ndjson
2026-08-28T21:59:41Z,91cc4fe392ce,release-deep-denial-g4,nova-vertical,0.0,1500.67,1485.279,32,var/matches/matches/20260828T215708Z-91cc4fe392ce-release-deep-denial-g4-vs-nova-vertical.ndjson
2026-08-28T21:59:41Z,91cc4fe392ce,nova-vertical,release-deep-denial-g4,1.0,1513.89,1529.281,32,var/matches/matches/20260828T215708Z-91cc4fe392ce-release-deep-denial-g4-vs-nova-vertical.ndjson
2026-08-28T22:02:12Z,90112fca5b8b,nova-vertical,release-deep-denial-g4,0.5,1529.281,1527.265,32,var/matches/matches/20260828T220005Z-90112fca5b8b-nova-vertical-vs-release-deep-denial-g4.ndjson
2026-08-28T22:02:12Z,90112fca5b8b,release-deep-denial-g4,nova-vertical,0.5,1485.279,1487.295,32,var/matches/matches/20260828T220005Z-90112fca5b8b-nova-vertical-vs-release-deep-denial-g4.ndjson
2026-08-28T22:04:51Z,b2fb28382816,release-deep-denial-g4,nova-vertical,1.0,1487.295,1505.128,32,var/matches/matches/20260828T220212Z-b2fb28382816-release-deep-denial-g4-vs-nova-vertical.ndjson
2026-08-28T22:04:51Z,b2fb28382816,nova-vertical,release-deep-denial-g4,0.0,1527.265,1509.432,32,var/matches/matches/20260828T220212Z-b2fb28382816-release-deep-denial-g4-vs-nova-vertical.ndjson
2026-08-28T22:13:49Z,3b4b0fc8580f,release-deep-denial-g4,simple-four-modes,0.5,1505.128,1504.159,32,var/matches/matches/20260828T221103Z-3b4b0fc8580f-release-deep-denial-g4-vs-simple-four-modes.ndjson
2026-08-28T22:13:49Z,3b4b0fc8580f,simple-four-modes,release-deep-denial-g4,0.5,1484.068,1485.037,32,var/matches/matches/20260828T221103Z-3b4b0fc8580f-release-deep-denial-g4-vs-simple-four-modes.ndjson
2026-08-28T22:16:36Z,34bf175e89b2,simple-four-modes,release-deep-denial-g4,0.5,1485.037,1485.917,32,var/matches/matches/20260828T221349Z-34bf175e89b2-simple-four-modes-vs-release-deep-denial-g4.ndjson
2026-08-28T22:16:36Z,34bf175e89b2,release-deep-denial-g4,simple-four-modes,0.5,1504.159,1503.279,32,var/matches/matches/20260828T221349Z-34bf175e89b2-simple-four-modes-vs-release-deep-denial-g4.ndjson
2026-08-28T22:21:57Z,9cfc916e0594,nova-vertical,release-balanced-g5,0.5,1509.432,1508.998,32,var/matches/matches/20260828T221922Z-9cfc916e0594-nova-vertical-vs-release-balanced-g5.ndjson
2026-08-28T22:21:57Z,9cfc916e0594,release-balanced-g5,nova-vertical,0.5,1500.0,1500.434,32,var/matches/matches/20260828T221922Z-9cfc916e0594-nova-vertical-vs-release-balanced-g5.ndjson
2026-08-28T22:25:19Z,52ddcc4865b1,release-finish-window-g6,simple-four-modes,0.5,1500.0,1499.352,32,var/matches/matches/20260828T222330Z-52ddcc4865b1-release-finish-window-g6-vs-simple-four-modes.ndjson
2026-08-28T22:25:19Z,52ddcc4865b1,simple-four-modes,release-finish-window-g6,0.5,1485.917,1486.565,32,var/matches/matches/20260828T222330Z-52ddcc4865b1-release-finish-window-g6-vs-simple-four-modes.ndjson
2026-08-28T22:27:42Z,fc6d9f09b141,nova-vertical,release-finish-window-g6,0.5,1508.998,1508.554,32,var/matches/matches/20260828T222519Z-fc6d9f09b141-nova-vertical-vs-release-finish-window-g6.ndjson
2026-08-28T22:27:42Z,fc6d9f09b141,release-finish-window-g6,nova-vertical,0.5,1499.352,1499.796,32,var/matches/matches/20260828T222519Z-fc6d9f09b141-nova-vertical-vs-release-finish-window-g6.ndjson
2026-08-28T22:33:07Z,95632e55aefd,strict-wide-pocket-g1,release-and-run,0.5,1500.0,1501.336,32,var/matches/matches/20260828T223049Z-95632e55aefd-strict-wide-pocket-g1-vs-release-and-run.ndjson
2026-08-28T22:33:07Z,95632e55aefd,release-and-run,strict-wide-pocket-g1,0.5,1529.078,1527.742,32,var/matches/matches/20260828T223049Z-95632e55aefd-strict-wide-pocket-g1-vs-release-and-run.ndjson
2026-08-28T22:40:09Z,6ecd44f6d10f,release-and-run,strict-wide-pocket-g2,0.5,1527.742,1526.467,32,var/matches/matches/20260828T223836Z-6ecd44f6d10f-release-and-run-vs-strict-wide-pocket-g2.ndjson
2026-08-28T22:40:09Z,6ecd44f6d10f,strict-wide-pocket-g2,release-and-run,0.5,1500.0,1501.275,32,var/matches/matches/20260828T223836Z-6ecd44f6d10f-release-and-run-vs-strict-wide-pocket-g2.ndjson
2026-08-28T22:46:15Z,e4cf075195e5,strict-wide-pocket-g3,release-and-run,0.5,1500.0,1501.216,32,var/matches/matches/20260828T224437Z-e4cf075195e5-strict-wide-pocket-g3-vs-release-and-run.ndjson
2026-08-28T22:46:15Z,e4cf075195e5,release-and-run,strict-wide-pocket-g3,0.5,1526.467,1525.251,32,var/matches/matches/20260828T224437Z-e4cf075195e5-strict-wide-pocket-g3-vs-release-and-run.ndjson
2026-08-28T22:48:19Z,b8be907e1e7d,release-and-run,strict-wide-pocket-g3,0.5,1525.251,1524.146,32,var/matches/matches/20260828T224615Z-b8be907e1e7d-release-and-run-vs-strict-wide-pocket-g3.ndjson
2026-08-28T22:48:19Z,b8be907e1e7d,strict-wide-pocket-g3,release-and-run,0.5,1501.216,1502.321,32,var/matches/matches/20260828T224615Z-b8be907e1e7d-release-and-run-vs-strict-wide-pocket-g3.ndjson
2026-08-28T22:51:00Z,916decd7e928,release-and-run,nova-vertical,0.5,1524.146,1523.428,32,var/matches/matches/20260828T224851Z-916decd7e928-release-and-run-vs-nova-vertical.ndjson
2026-08-28T22:51:00Z,916decd7e928,nova-vertical,release-and-run,0.5,1508.554,1509.272,32,var/matches/matches/20260828T224851Z-916decd7e928-release-and-run-vs-nova-vertical.ndjson
2026-08-28T22:53:20Z,1cd7a2cab885,nova-vertical,release-and-run,0.5,1509.272,1509.924,32,var/matches/matches/20260828T225100Z-1cd7a2cab885-nova-vertical-vs-release-and-run.ndjson
2026-08-28T22:53:20Z,1cd7a2cab885,release-and-run,nova-vertical,0.5,1523.428,1522.776,32,var/matches/matches/20260828T225100Z-1cd7a2cab885-nova-vertical-vs-release-and-run.ndjson
2026-08-28T23:01:54Z,26fd4e83cb16,release-and-run,strict-wide-pocket-g3,0.5,1522.776,1521.835,32,var/matches/matches/20260828T225933Z-26fd4e83cb16-release-and-run-vs-strict-wide-pocket-g3.ndjson
2026-08-28T23:01:54Z,26fd4e83cb16,strict-wide-pocket-g3,release-and-run,0.5,1502.321,1503.262,32,var/matches/matches/20260828T225933Z-26fd4e83cb16-release-and-run-vs-strict-wide-pocket-g3.ndjson
2026-08-28T23:06:39Z,16a90a8d70d3,nova-vertical,release-deep-denial-g4,0.5,1509.924,1509.618,32,var/matches/matches/20260828T230406Z-16a90a8d70d3-nova-vertical-vs-release-deep-denial-g4.ndjson
2026-08-28T23:06:39Z,16a90a8d70d3,release-deep-denial-g4,nova-vertical,0.5,1503.279,1503.585,32,var/matches/matches/20260828T230406Z-16a90a8d70d3-nova-vertical-vs-release-deep-denial-g4.ndjson
2026-08-28T23:09:12Z,35988b7b87e7,release-deep-denial-g4,nova-vertical,1.0,1503.585,1519.863,32,var/matches/matches/20260828T230639Z-35988b7b87e7-release-deep-denial-g4-vs-nova-vertical.ndjson
2026-08-28T23:09:12Z,35988b7b87e7,nova-vertical,release-deep-denial-g4,0.0,1509.618,1493.34,32,var/matches/matches/20260828T230639Z-35988b7b87e7-release-deep-denial-g4-vs-nova-vertical.ndjson
2026-08-28T23:11:03Z,0ee2d149c3b0,nova-vertical,strict-wide-pocket-g3,0.5,1493.34,1493.797,32,var/matches/matches/20260828T230912Z-0ee2d149c3b0-nova-vertical-vs-strict-wide-pocket-g3.ndjson
2026-08-28T23:11:03Z,0ee2d149c3b0,strict-wide-pocket-g3,nova-vertical,0.5,1503.262,1502.805,32,var/matches/matches/20260828T230912Z-0ee2d149c3b0-nova-vertical-vs-strict-wide-pocket-g3.ndjson
2026-08-28T23:13:08Z,e1bd9d60f038,strict-wide-pocket-g3,nova-vertical,0.5,1502.805,1502.39,32,var/matches/matches/20260828T231103Z-e1bd9d60f038-strict-wide-pocket-g3-vs-nova-vertical.ndjson
2026-08-28T23:13:08Z,e1bd9d60f038,nova-vertical,strict-wide-pocket-g3,0.5,1493.797,1494.212,32,var/matches/matches/20260828T231103Z-e1bd9d60f038-strict-wide-pocket-g3-vs-nova-vertical.ndjson
2026-08-28T23:15:39Z,673aee0b6a1a,release-deep-denial-g4,strict-wide-pocket-g3,0.5,1519.863,1519.059,32,var/matches/matches/20260828T231308Z-673aee0b6a1a-release-deep-denial-g4-vs-strict-wide-pocket-g3.ndjson
2026-08-28T23:15:39Z,673aee0b6a1a,strict-wide-pocket-g3,release-deep-denial-g4,0.5,1502.39,1503.194,32,var/matches/matches/20260828T231308Z-673aee0b6a1a-release-deep-denial-g4-vs-strict-wide-pocket-g3.ndjson
2026-08-28T23:18:05Z,d9b6291594f1,strict-wide-pocket-g3,release-deep-denial-g4,0.5,1503.194,1503.924,32,var/matches/matches/20260828T231540Z-d9b6291594f1-strict-wide-pocket-g3-vs-release-deep-denial-g4.ndjson
2026-08-28T23:18:05Z,d9b6291594f1,release-deep-denial-g4,strict-wide-pocket-g3,0.5,1519.059,1518.329,32,var/matches/matches/20260828T231540Z-d9b6291594f1-strict-wide-pocket-g3-vs-release-deep-denial-g4.ndjson
2026-08-28T23:24:36Z,8198db4e0bd5,release-deep-denial-g4,release-reliable-g1,0.5,1518.329,1517.486,32,var/matches/matches/20260828T232133Z-8198db4e0bd5-release-deep-denial-g4-vs-release-reliable-g1.ndjson
2026-08-28T23:24:36Z,8198db4e0bd5,release-reliable-g1,release-deep-denial-g4,0.5,1500.0,1500.843,32,var/matches/matches/20260828T232133Z-8198db4e0bd5-release-deep-denial-g4-vs-release-reliable-g1.ndjson
2026-08-28T23:27:23Z,29822f35d65b,release-reliable-g1,simple-four-modes,0.5,1500.843,1500.186,32,var/matches/matches/20260828T232437Z-29822f35d65b-release-reliable-g1-vs-simple-four-modes.ndjson
2026-08-28T23:27:23Z,29822f35d65b,simple-four-modes,release-reliable-g1,0.5,1486.565,1487.222,32,var/matches/matches/20260828T232437Z-29822f35d65b-release-reliable-g1-vs-simple-four-modes.ndjson
2026-08-28T23:30:05Z,75fbdfd49cdd,release-and-run,nova-vertical,0.5,1521.835,1520.566,32,var/matches/matches/20260828T232745Z-75fbdfd49cdd-release-and-run-vs-nova-vertical.ndjson
2026-08-28T23:30:05Z,75fbdfd49cdd,nova-vertical,release-and-run,0.5,1494.212,1495.481,32,var/matches/matches/20260828T232745Z-75fbdfd49cdd-release-and-run-vs-nova-vertical.ndjson
2026-08-28T23:41:08Z,23446ce6a170,release-and-run,strict-wide-pocket-g3,0.5,1520.566,1519.8,32,var/matches/matches/20260828T233854Z-23446ce6a170-release-and-run-vs-strict-wide-pocket-g3.ndjson
2026-08-28T23:41:08Z,23446ce6a170,strict-wide-pocket-g3,release-and-run,0.5,1503.924,1504.69,32,var/matches/matches/20260828T233854Z-23446ce6a170-release-and-run-vs-strict-wide-pocket-g3.ndjson
2026-08-28T23:43:21Z,95426c794acd,strict-wide-pocket-g3,release-and-run,0.5,1504.69,1505.385,32,var/matches/matches/20260828T234108Z-95426c794acd-strict-wide-pocket-g3-vs-release-and-run.ndjson
2026-08-28T23:43:21Z,95426c794acd,release-and-run,strict-wide-pocket-g3,0.5,1519.8,1519.105,32,var/matches/matches/20260828T234108Z-95426c794acd-strict-wide-pocket-g3-vs-release-and-run.ndjson
2026-08-28T23:45:49Z,7f8fe01e4925,nova-vertical,release-deep-denial-g4,0.5,1495.481,1496.493,32,var/matches/matches/20260828T234321Z-7f8fe01e4925-nova-vertical-vs-release-deep-denial-g4.ndjson
2026-08-28T23:45:49Z,7f8fe01e4925,release-deep-denial-g4,nova-vertical,0.5,1517.486,1516.474,32,var/matches/matches/20260828T234321Z-7f8fe01e4925-nova-vertical-vs-release-deep-denial-g4.ndjson
2026-08-28T23:48:13Z,34544f6ee0be,release-deep-denial-g4,nova-vertical,1.0,1516.474,1531.555,32,var/matches/matches/20260828T234550Z-34544f6ee0be-release-deep-denial-g4-vs-nova-vertical.ndjson
2026-08-28T23:48:13Z,34544f6ee0be,nova-vertical,release-deep-denial-g4,0.0,1496.493,1481.412,32,var/matches/matches/20260828T234550Z-34544f6ee0be-release-deep-denial-g4-vs-nova-vertical.ndjson
2026-08-28T23:50:00Z,54bdbf5e9431,nova-vertical,strict-wide-pocket-g3,0.5,1481.412,1481.963,16,var/matches/matches/20260828T234813Z-54bdbf5e9431-nova-vertical-vs-strict-wide-pocket-g3.ndjson
2026-08-28T23:50:00Z,54bdbf5e9431,strict-wide-pocket-g3,nova-vertical,0.5,1505.385,1504.283,32,var/matches/matches/20260828T234813Z-54bdbf5e9431-nova-vertical-vs-strict-wide-pocket-g3.ndjson
2026-08-28T23:51:51Z,19b914971a78,strict-wide-pocket-g3,nova-vertical,0.0,1504.283,1487.257,32,var/matches/matches/20260828T235000Z-19b914971a78-strict-wide-pocket-g3-vs-nova-vertical.ndjson
2026-08-28T23:51:51Z,19b914971a78,nova-vertical,strict-wide-pocket-g3,1.0,1481.963,1490.476,16,var/matches/matches/20260828T235000Z-19b914971a78-strict-wide-pocket-g3-vs-nova-vertical.ndjson
2026-08-28T23:56:24Z,ac36fbbbe3b5,strict-wide-pocket-g3,release-deep-denial-g4,0.5,1487.257,1489.286,32,var/matches/matches/20260828T235403Z-ac36fbbbe3b5-strict-wide-pocket-g3-vs-release-deep-denial-g4.ndjson
2026-08-28T23:56:24Z,ac36fbbbe3b5,release-deep-denial-g4,strict-wide-pocket-g3,0.5,1531.555,1529.526,32,var/matches/matches/20260828T235403Z-ac36fbbbe3b5-strict-wide-pocket-g3-vs-release-deep-denial-g4.ndjson
2026-08-28T23:59:10Z,658a42a6d150,strict-switch-counter-g4,release-deep-denial-g4,0.5,1500.0,1501.356,32,var/matches/matches/20260828T235734Z-658a42a6d150-strict-switch-counter-g4-vs-release-deep-denial-g4.ndjson
2026-08-28T23:59:10Z,658a42a6d150,release-deep-denial-g4,strict-switch-counter-g4,0.5,1529.526,1528.17,32,var/matches/matches/20260828T235734Z-658a42a6d150-strict-switch-counter-g4-vs-release-deep-denial-g4.ndjson
2026-08-29T00:01:09Z,16143d3cb00e,release-deep-denial-g4,strict-switch-counter-g4,0.5,1528.17,1526.938,32,var/matches/matches/20260828T235933Z-16143d3cb00e-release-deep-denial-g4-vs-strict-switch-counter-g4.ndjson
2026-08-29T00:01:09Z,16143d3cb00e,strict-switch-counter-g4,release-deep-denial-g4,0.5,1501.356,1502.588,32,var/matches/matches/20260828T235933Z-16143d3cb00e-release-deep-denial-g4-vs-strict-switch-counter-g4.ndjson
2026-08-29T00:03:54Z,abe1ff57b96a,strict-switch-counter-g4,release-switch-shield-g5,0.0,1502.588,1486.469,32,var/matches/matches/20260829T000216Z-abe1ff57b96a-strict-switch-counter-g4-vs-release-switch-shield-g5.ndjson
2026-08-29T00:03:54Z,abe1ff57b96a,release-switch-shield-g5,strict-switch-counter-g4,1.0,1500.0,1516.119,32,var/matches/matches/20260829T000216Z-abe1ff57b96a-strict-switch-counter-g4-vs-release-switch-shield-g5.ndjson
2026-08-29T00:06:03Z,bfc9927c8e6d,release-switch-shield-g5,strict-switch-counter-g4,0.5,1516.119,1514.757,32,var/matches/matches/20260829T000354Z-bfc9927c8e6d-release-switch-shield-g5-vs-strict-switch-counter-g4.ndjson
2026-08-29T00:06:03Z,bfc9927c8e6d,strict-switch-counter-g4,release-switch-shield-g5,0.5,1486.469,1487.831,32,var/matches/matches/20260829T000354Z-bfc9927c8e6d-release-switch-shield-g5-vs-strict-switch-counter-g4.ndjson
2026-08-29T00:12:14Z,133c62c53ca9,release-deep-denial-g4,release-switch-shield-g5,0.5,1526.938,1526.377,32,var/matches/matches/20260829T000912Z-133c62c53ca9-release-deep-denial-g4-vs-release-switch-shield-g5.ndjson
2026-08-29T00:12:14Z,133c62c53ca9,release-switch-shield-g5,release-deep-denial-g4,0.5,1514.757,1515.318,32,var/matches/matches/20260829T000912Z-133c62c53ca9-release-deep-denial-g4-vs-release-switch-shield-g5.ndjson
2026-08-29T00:18:25Z,6e1a5f32b251,release-and-run,release-switch-shield-g5,0.5,1519.105,1518.931,32,var/matches/matches/20260829T001520Z-6e1a5f32b251-release-and-run-vs-release-switch-shield-g5.ndjson
2026-08-29T00:18:25Z,6e1a5f32b251,release-switch-shield-g5,release-and-run,0.5,1515.318,1515.492,32,var/matches/matches/20260829T001520Z-6e1a5f32b251-release-and-run-vs-release-switch-shield-g5.ndjson
2026-08-29T00:21:00Z,6fc37b7e0373,release-switch-shield-g5,nova-vertical,0.5,1515.492,1514.342,32,var/matches/matches/20260829T001825Z-6fc37b7e0373-release-switch-shield-g5-vs-nova-vertical.ndjson
2026-08-29T00:21:00Z,6fc37b7e0373,nova-vertical,release-switch-shield-g5,0.5,1490.476,1491.051,16,var/matches/matches/20260829T001825Z-6fc37b7e0373-release-switch-shield-g5-vs-nova-vertical.ndjson
2026-08-29T00:23:15Z,a31cfd9b7e03,nova-vertical,release-switch-shield-g5,0.5,1491.051,1491.586,16,var/matches/matches/20260829T002101Z-a31cfd9b7e03-nova-vertical-vs-release-switch-shield-g5.ndjson
2026-08-29T00:23:15Z,a31cfd9b7e03,release-switch-shield-g5,nova-vertical,0.5,1514.342,1513.271,32,var/matches/matches/20260829T002101Z-a31cfd9b7e03-nova-vertical-vs-release-switch-shield-g5.ndjson
2026-08-29T00:28:46Z,11c5a3d82e61,simple-four-modes,release-deep-denial-g4,0.5,1487.222,1489.018,32,var/matches/matches/20260829T002600Z-11c5a3d82e61-simple-four-modes-vs-release-deep-denial-g4.ndjson
2026-08-29T00:28:46Z,11c5a3d82e61,release-deep-denial-g4,simple-four-modes,0.5,1526.377,1524.581,32,var/matches/matches/20260829T002600Z-11c5a3d82e61-simple-four-modes-vs-release-deep-denial-g4.ndjson
2026-08-29T00:34:50Z,bb0124e55cd5,vertical-wingbacks,release-deep-denial-g4,0.5,1499.932,1501.065,32,var/matches/matches/20260829T003148Z-bb0124e55cd5-vertical-wingbacks-vs-release-deep-denial-g4.ndjson
2026-08-29T00:34:50Z,bb0124e55cd5,release-deep-denial-g4,vertical-wingbacks,0.5,1524.581,1523.448,32,var/matches/matches/20260829T003148Z-bb0124e55cd5-vertical-wingbacks-vs-release-deep-denial-g4.ndjson
2026-08-29T00:37:35Z,324c10b90fd4,release-and-run,simple-four-modes,0.5,1518.931,1517.557,32,var/matches/matches/20260829T003450Z-324c10b90fd4-release-and-run-vs-simple-four-modes.ndjson
2026-08-29T00:37:35Z,324c10b90fd4,simple-four-modes,release-and-run,0.5,1489.018,1490.392,32,var/matches/matches/20260829T003450Z-324c10b90fd4-release-and-run-vs-simple-four-modes.ndjson
2026-08-29T00:40:20Z,0bb8470a65f5,simple-four-modes,release-and-run,1.0,1490.392,1507.64,32,var/matches/matches/20260829T003735Z-0bb8470a65f5-simple-four-modes-vs-release-and-run.ndjson
2026-08-29T00:40:20Z,0bb8470a65f5,release-and-run,simple-four-modes,0.0,1517.557,1500.309,32,var/matches/matches/20260829T003735Z-0bb8470a65f5-simple-four-modes-vs-release-and-run.ndjson
2026-08-29T00:46:30Z,6cb43741cebf,vertical-wingbacks,release-and-run,0.5,1501.065,1501.03,32,var/matches/matches/20260829T004326Z-6cb43741cebf-vertical-wingbacks-vs-release-and-run.ndjson
2026-08-29T00:46:30Z,6cb43741cebf,release-and-run,vertical-wingbacks,0.5,1500.309,1500.344,32,var/matches/matches/20260829T004326Z-6cb43741cebf-vertical-wingbacks-vs-release-and-run.ndjson
2026-08-29T00:49:13Z,d7652dbc91a3,release-switch-shield-g5,simple-four-modes,0.5,1513.271,1513.012,32,var/matches/matches/20260829T004630Z-d7652dbc91a3-release-switch-shield-g5-vs-simple-four-modes.ndjson
2026-08-29T00:49:13Z,d7652dbc91a3,simple-four-modes,release-switch-shield-g5,0.5,1507.64,1507.899,32,var/matches/matches/20260829T004630Z-d7652dbc91a3-release-switch-shield-g5-vs-simple-four-modes.ndjson
2026-08-29T00:51:58Z,d452abc7c9f5,simple-four-modes,release-switch-shield-g5,0.5,1507.899,1508.134,32,var/matches/matches/20260829T004913Z-d452abc7c9f5-simple-four-modes-vs-release-switch-shield-g5.ndjson
2026-08-29T00:51:58Z,d452abc7c9f5,release-switch-shield-g5,simple-four-modes,0.5,1513.012,1512.777,32,var/matches/matches/20260829T004913Z-d452abc7c9f5-simple-four-modes-vs-release-switch-shield-g5.ndjson
2026-08-29T00:58:03Z,d3fb11b2b443,vertical-wingbacks,release-switch-shield-g5,0.5,1501.03,1501.571,32,var/matches/matches/20260829T005501Z-d3fb11b2b443-vertical-wingbacks-vs-release-switch-shield-g5.ndjson
2026-08-29T00:58:03Z,d3fb11b2b443,release-switch-shield-g5,vertical-wingbacks,0.5,1512.777,1512.236,32,var/matches/matches/20260829T005501Z-d3fb11b2b443-vertical-wingbacks-vs-release-switch-shield-g5.ndjson
2026-08-29T01:05:39Z,f2d8a629a77d,release-deep-denial-g4,release-switch-shield-g5,0.5,1523.448,1522.932,32,var/matches/matches/20260829T010234Z-f2d8a629a77d-release-deep-denial-g4-vs-release-switch-shield-g5.ndjson
2026-08-29T01:05:39Z,f2d8a629a77d,release-switch-shield-g5,release-deep-denial-g4,0.5,1512.236,1512.752,32,var/matches/matches/20260829T010234Z-f2d8a629a77d-release-deep-denial-g4-vs-release-switch-shield-g5.ndjson
2026-08-29T01:11:50Z,38646b2f2239,release-and-run,release-switch-shield-g5,0.5,1500.344,1500.63,16,var/matches/matches/20260829T010846Z-38646b2f2239-release-and-run-vs-release-switch-shield-g5.ndjson
2026-08-29T01:11:50Z,38646b2f2239,release-switch-shield-g5,release-and-run,0.5,1512.752,1512.181,32,var/matches/matches/20260829T010846Z-38646b2f2239-release-and-run-vs-release-switch-shield-g5.ndjson
2026-08-29T01:14:29Z,1d17d22dd9b6,release-switch-shield-g5,nova-vertical,0.5,1512.181,1511.234,32,var/matches/matches/20260829T011150Z-1d17d22dd9b6-release-switch-shield-g5-vs-nova-vertical.ndjson
2026-08-29T01:14:29Z,1d17d22dd9b6,nova-vertical,release-switch-shield-g5,0.5,1491.586,1492.06,16,var/matches/matches/20260829T011150Z-1d17d22dd9b6-release-switch-shield-g5-vs-nova-vertical.ndjson
2026-08-29T01:17:03Z,a0e492920b58,nova-vertical,release-switch-shield-g5,0.5,1492.06,1492.501,16,var/matches/matches/20260829T011429Z-a0e492920b58-nova-vertical-vs-release-switch-shield-g5.ndjson
2026-08-29T01:17:03Z,a0e492920b58,release-switch-shield-g5,nova-vertical,0.5,1511.234,1510.352,32,var/matches/matches/20260829T011429Z-a0e492920b58-nova-vertical-vs-release-switch-shield-g5.ndjson
2026-08-29T01:19:48Z,9d2ebda4945a,release-switch-shield-g5,simple-four-modes,0.5,1510.352,1510.25,32,var/matches/matches/20260829T011703Z-9d2ebda4945a-release-switch-shield-g5-vs-simple-four-modes.ndjson
2026-08-29T01:19:48Z,9d2ebda4945a,simple-four-modes,release-switch-shield-g5,0.5,1508.134,1508.236,32,var/matches/matches/20260829T011703Z-9d2ebda4945a-release-switch-shield-g5-vs-simple-four-modes.ndjson
2026-08-29T01:22:32Z,58b83ce65c32,simple-four-modes,release-switch-shield-g5,1.0,1508.236,1524.329,32,var/matches/matches/20260829T011948Z-58b83ce65c32-simple-four-modes-vs-release-switch-shield-g5.ndjson
2026-08-29T01:22:32Z,58b83ce65c32,release-switch-shield-g5,simple-four-modes,0.0,1510.25,1494.157,32,var/matches/matches/20260829T011948Z-58b83ce65c32-simple-four-modes-vs-release-switch-shield-g5.ndjson
2026-08-29T01:24:56Z,71a90c70dd65,release-switch-shield-g5,strict-switch-counter-g4,0.5,1494.157,1493.866,32,var/matches/matches/20260829T012232Z-71a90c70dd65-release-switch-shield-g5-vs-strict-switch-counter-g4.ndjson
2026-08-29T01:24:56Z,71a90c70dd65,strict-switch-counter-g4,release-switch-shield-g5,0.5,1487.831,1488.122,32,var/matches/matches/20260829T012232Z-71a90c70dd65-release-switch-shield-g5-vs-strict-switch-counter-g4.ndjson
2026-08-29T01:35:38Z,179e6d7796b5,release-switch-shield-g5,release-deep-denial-g4,0.5,1493.866,1495.201,32,var/matches/matches/20260829T013234Z-179e6d7796b5-release-switch-shield-g5-vs-release-deep-denial-g4.ndjson
2026-08-29T01:35:38Z,179e6d7796b5,release-deep-denial-g4,release-switch-shield-g5,0.5,1522.932,1522.264,16,var/matches/matches/20260829T013234Z-179e6d7796b5-release-switch-shield-g5-vs-release-deep-denial-g4.ndjson
2026-08-29T01:38:24Z,96eb83b41ad8,release-deep-denial-g4,simple-four-modes,0.5,1522.264,1522.312,16,var/matches/matches/20260829T013538Z-96eb83b41ad8-release-deep-denial-g4-vs-simple-four-modes.ndjson
2026-08-29T01:38:24Z,96eb83b41ad8,simple-four-modes,release-deep-denial-g4,0.5,1524.329,1524.234,32,var/matches/matches/20260829T013538Z-96eb83b41ad8-release-deep-denial-g4-vs-simple-four-modes.ndjson
2026-08-29T01:41:10Z,8ee85eb85733,simple-four-modes,release-deep-denial-g4,1.0,1524.234,1540.145,32,var/matches/matches/20260829T013824Z-8ee85eb85733-simple-four-modes-vs-release-deep-denial-g4.ndjson
2026-08-29T01:41:10Z,8ee85eb85733,release-deep-denial-g4,simple-four-modes,0.0,1522.312,1514.356,16,var/matches/matches/20260829T013824Z-8ee85eb85733-simple-four-modes-vs-release-deep-denial-g4.ndjson
2026-08-29T01:43:56Z,a1ad315cbc34,release-switch-shield-g5,simple-four-modes,0.5,1495.201,1497.259,32,var/matches/matches/20260829T014110Z-a1ad315cbc34-release-switch-shield-g5-vs-simple-four-modes.ndjson
2026-08-29T01:43:56Z,a1ad315cbc34,simple-four-modes,release-switch-shield-g5,0.5,1540.145,1538.087,32,var/matches/matches/20260829T014110Z-a1ad315cbc34-release-switch-shield-g5-vs-simple-four-modes.ndjson
2026-08-29T01:49:13Z,6be5d001d6c5,release-deep-denial-g4,nova-vertical,0.5,1514.356,1513.853,16,var/matches/matches/20260829T014639Z-6be5d001d6c5-release-deep-denial-g4-vs-nova-vertical.ndjson
2026-08-29T01:49:13Z,6be5d001d6c5,nova-vertical,release-deep-denial-g4,0.5,1492.501,1493.004,16,var/matches/matches/20260829T014639Z-6be5d001d6c5-release-deep-denial-g4-vs-nova-vertical.ndjson
2026-08-29T01:51:33Z,ce42128303aa,nova-vertical,release-deep-denial-g4,0.5,1493.004,1493.483,16,var/matches/matches/20260829T014913Z-ce42128303aa-nova-vertical-vs-release-deep-denial-g4.ndjson
2026-08-29T01:51:33Z,ce42128303aa,release-deep-denial-g4,nova-vertical,0.5,1513.853,1513.374,16,var/matches/matches/20260829T014913Z-ce42128303aa-nova-vertical-vs-release-deep-denial-g4.ndjson
2026-08-29T01:54:09Z,fbbfe6fe9055,release-switch-shield-g5,nova-vertical,0.5,1497.259,1497.085,32,var/matches/matches/20260829T015133Z-fbbfe6fe9055-release-switch-shield-g5-vs-nova-vertical.ndjson
2026-08-29T01:54:09Z,fbbfe6fe9055,nova-vertical,release-switch-shield-g5,0.5,1493.483,1493.57,16,var/matches/matches/20260829T015133Z-fbbfe6fe9055-release-switch-shield-g5-vs-nova-vertical.ndjson
2026-08-29T01:56:25Z,af20ad464b62,nova-vertical,release-switch-shield-g5,0.5,1493.57,1493.651,16,var/matches/matches/20260829T015409Z-af20ad464b62-nova-vertical-vs-release-switch-shield-g5.ndjson
2026-08-29T01:56:25Z,af20ad464b62,release-switch-shield-g5,nova-vertical,0.5,1497.085,1496.923,32,var/matches/matches/20260829T015409Z-af20ad464b62-nova-vertical-vs-release-switch-shield-g5.ndjson
2026-08-29T01:58:47Z,358b614413ba,release-deep-denial-g4,strict-switch-counter-g4,1.0,1513.374,1520.794,16,var/matches/matches/20260829T015625Z-358b614413ba-release-deep-denial-g4-vs-strict-switch-counter-g4.ndjson
2026-08-29T01:58:47Z,358b614413ba,strict-switch-counter-g4,release-deep-denial-g4,0.0,1488.122,1473.283,32,var/matches/matches/20260829T015625Z-358b614413ba-release-deep-denial-g4-vs-strict-switch-counter-g4.ndjson
2026-08-29T02:01:09Z,87234b2ae5b9,strict-switch-counter-g4,release-deep-denial-g4,1.0,1473.283,1491.457,32,var/matches/matches/20260829T015847Z-87234b2ae5b9-strict-switch-counter-g4-vs-release-deep-denial-g4.ndjson
2026-08-29T02:01:09Z,87234b2ae5b9,release-deep-denial-g4,strict-switch-counter-g4,0.0,1520.794,1511.707,16,var/matches/matches/20260829T015847Z-87234b2ae5b9-strict-switch-counter-g4-vs-release-deep-denial-g4.ndjson
2026-08-29T02:06:45Z,7ef9e91569c1,release-and-run,simple-four-modes,0.5,1500.63,1501.489,16,var/matches/matches/20260829T020401Z-7ef9e91569c1-release-and-run-vs-simple-four-modes.ndjson
2026-08-29T02:06:45Z,7ef9e91569c1,simple-four-modes,release-and-run,0.5,1538.087,1536.369,32,var/matches/matches/20260829T020401Z-7ef9e91569c1-release-and-run-vs-simple-four-modes.ndjson
