match_id,phase,started_utc,finished_utc,home_team,away_team,home_hash,away_hash,seed,home_goals,away_goals,rated,rating_exclusion_reason,fallback_count,harmful_fallback_count,median_latency_ms,replay_path,recording_path,replay_sha256,recording_sha256
8a01b253741d,initial-characterization,2026-08-28T20:26:38Z,2026-08-28T20:28:27Z,simple-four-modes,vertical-wingbacks,46d137026d0689fef3e0a48efd72c7c2fd772e1ac1557bec96435b6fa467dc40,862f8f28168be3cce9828d29d56f5464f500da663e37a5f11bb6d46139de5d58,1101,0,0,True,,0,0,1153.089,var/matches/matches/20260828T202638Z-8a01b253741d-simple-four-modes-vs-vertical-wingbacks.ndjson,var/matches/recordings/20260828T202638Z-8a01b253741d-simple-four-modes-vs-vertical-wingbacks.frames.ndjson,5489dc1e79db0ad81cd2de93ae0e47cc457bfae843e1551ff73af35924dc5d6e,b530ec8fe76369d34a17094ee77eda6a9d4ec4246f55ccd40158eca62ac73622
99134664df0a,initial-characterization,2026-08-28T20:29:05Z,2026-08-28T20:31:47Z,kd-verticalis,nova-baseline,db32d6ca2ac1fcb4a7e12f7ab9369b51ea3f0bf66f981a5e0cf381aad311d2e6,d4410b5a0c115ab1d800ac25e32f3374d4e35d162fd33783988ab9731a0be451,1201,0,0,False,harmful idle fallback,20,20,1298.496,var/matches/matches/20260828T202905Z-99134664df0a-kd-verticalis-vs-nova-baseline.ndjson,var/matches/recordings/20260828T202905Z-99134664df0a-kd-verticalis-vs-nova-baseline.frames.ndjson,13c8a8d31a537db772b806e010b8434a854296f070e1a2c0937125d36874e35d,18ff4165182483911cec226da72576e153e72bccc2cd79cecc1344cb71121091
1b8739cc44a8,initial-characterization,2026-08-28T20:32:53Z,2026-08-28T20:34:53Z,kd-verticalis,nova-strict,db32d6ca2ac1fcb4a7e12f7ab9369b51ea3f0bf66f981a5e0cf381aad311d2e6,e776dc269b790110cb6de4c4fc1e4063d7fa1bc2f21e7745fdf98dc5fe00436b,1202,0,0,False,harmful idle fallback,6,5,1229.787,var/matches/matches/20260828T203253Z-1b8739cc44a8-kd-verticalis-vs-nova-strict.ndjson,var/matches/recordings/20260828T203253Z-1b8739cc44a8-kd-verticalis-vs-nova-strict.frames.ndjson,f5c4aa7509249f9528c282324c9be62ed84b635eca3d461c9c4d2d0bbce326eb,705c30aa0dfb1a8339c1d516d83ad23eb29b1a4f6820b2d52f1e4fff6aec0f27
e47ea5c8d39a,initial-characterization,2026-08-28T20:34:53Z,2026-08-28T20:37:14Z,kd-verticalis,nova-vertical,db32d6ca2ac1fcb4a7e12f7ab9369b51ea3f0bf66f981a5e0cf381aad311d2e6,4dedda7a9c69f6c310f0cea31b8487a420d173d5de7bc0824684b6c45239565d,1203,0,0,False,harmful idle fallback,9,6,1248.166,var/matches/matches/20260828T203453Z-e47ea5c8d39a-kd-verticalis-vs-nova-vertical.ndjson,var/matches/recordings/20260828T203453Z-e47ea5c8d39a-kd-verticalis-vs-nova-vertical.frames.ndjson,6844785f1120741f73bff5d282a0126526631baee0d09ecba9733b9dcdb63ac5,4c3f61b966101a30d52a2242f9a46aab3a5f03bd929d6283cd86d583e9101109
1f749c8e40e7,initial-characterization,2026-08-28T20:37:14Z,2026-08-28T20:40:26Z,release-and-run,kd-verticalis,8cb4672d6d92b49918374f2505c69a3805c2927ab71e5d174461b53e9c5bb996,db32d6ca2ac1fcb4a7e12f7ab9369b51ea3f0bf66f981a5e0cf381aad311d2e6,1204,1,0,False,harmful idle fallback,1,1,1354.41,var/matches/matches/20260828T203714Z-1f749c8e40e7-release-and-run-vs-kd-verticalis.ndjson,var/matches/recordings/20260828T203714Z-1f749c8e40e7-release-and-run-vs-kd-verticalis.frames.ndjson,9960b1cbd00bed34160b841094af409ca19bda82b6a25b9c43096382c5f1f0fa,ab6a5e6b2897be5b136ad07b25ac6131eddca8a9c1fec008783891fe7da600e9
42a573ddd567,initial-characterization,2026-08-28T20:40:26Z,2026-08-28T20:43:14Z,simple-four-modes,kd-verticalis,46d137026d0689fef3e0a48efd72c7c2fd772e1ac1557bec96435b6fa467dc40,db32d6ca2ac1fcb4a7e12f7ab9369b51ea3f0bf66f981a5e0cf381aad311d2e6,1205,0,0,False,harmful idle fallback,5,5,1151.128,var/matches/matches/20260828T204026Z-42a573ddd567-simple-four-modes-vs-kd-verticalis.ndjson,var/matches/recordings/20260828T204026Z-42a573ddd567-simple-four-modes-vs-kd-verticalis.frames.ndjson,609d05b7d60a63067e677dff1b934713e7d8a080b23b910d18777aa4f1720784,d3befcbdc6429608c28732957a81b5b1ec3d30cdd8977c901de3a764645c23a0
20ff64c02470,initial-characterization,2026-08-28T20:43:14Z,2026-08-28T20:46:30Z,vertical-wingbacks,kd-verticalis,862f8f28168be3cce9828d29d56f5464f500da663e37a5f11bb6d46139de5d58,db32d6ca2ac1fcb4a7e12f7ab9369b51ea3f0bf66f981a5e0cf381aad311d2e6,1206,0,0,False,harmful idle fallback,6,6,1335.524,var/matches/matches/20260828T204314Z-20ff64c02470-vertical-wingbacks-vs-kd-verticalis.ndjson,var/matches/recordings/20260828T204314Z-20ff64c02470-vertical-wingbacks-vs-kd-verticalis.frames.ndjson,f532ab10d63e181b8d9233f25be4f6b9d3f5f5a2b78dcdc1e41febfe4471dd1e,65c96901f663d6ca1120ff4b9387bb04d81bbaf67e03fd38e311cb58572a6ad8
54e793fa722d,initial-characterization,2026-08-28T20:46:30Z,2026-08-28T20:48:45Z,nova-baseline,nova-strict,d4410b5a0c115ab1d800ac25e32f3374d4e35d162fd33783988ab9731a0be451,e776dc269b790110cb6de4c4fc1e4063d7fa1bc2f21e7745fdf98dc5fe00436b,1207,0,1,False,harmful idle fallback,5,5,1031.446,var/matches/matches/20260828T204630Z-54e793fa722d-nova-baseline-vs-nova-strict.ndjson,var/matches/recordings/20260828T204630Z-54e793fa722d-nova-baseline-vs-nova-strict.frames.ndjson,5ebe23d9250f62cf0339c25a9e163ca2003a18eb09d5c6c1ffd421ee8cf7b2f0,a8054e529ab79602c99bfd726c91f46d3a53b601c7ab1aa3896c4ae1ec7f4c86
ae19dfa93e9c,initial-characterization,2026-08-28T20:49:15Z,2026-08-28T20:50:54Z,nova-strict,nova-vertical,e776dc269b790110cb6de4c4fc1e4063d7fa1bc2f21e7745fdf98dc5fe00436b,4dedda7a9c69f6c310f0cea31b8487a420d173d5de7bc0824684b6c45239565d,1212,0,0,False,harmful idle fallback,4,2,26.236,var/matches/matches/20260828T204915Z-ae19dfa93e9c-nova-strict-vs-nova-vertical.ndjson,var/matches/recordings/20260828T204915Z-ae19dfa93e9c-nova-strict-vs-nova-vertical.frames.ndjson,57839d05d4d27e829a7b12db78c945cf877244970a963a612ffcb0cd64edb6dd,f52bf484d6e4c690a178ef3af2fe4cfe07ba09ae95aca81f6272f599e3b70098
543279bef49d,initial-characterization,2026-08-28T20:50:54Z,2026-08-28T20:52:53Z,nova-strict,release-and-run,e776dc269b790110cb6de4c4fc1e4063d7fa1bc2f21e7745fdf98dc5fe00436b,8cb4672d6d92b49918374f2505c69a3805c2927ab71e5d174461b53e9c5bb996,1213,0,0,False,harmful idle fallback,4,1,1206.188,var/matches/matches/20260828T205054Z-543279bef49d-nova-strict-vs-release-and-run.ndjson,var/matches/recordings/20260828T205054Z-543279bef49d-nova-strict-vs-release-and-run.frames.ndjson,4953e88341eacdd4fa8d08fde893794b571293eff68fd28516309520dd6d4f90,b4fc465dce388ab75f9ad84c192bdb0fb32dc608a0e296dff6e953709f240c1f
47f7a38a2c78,initial-characterization,2026-08-28T20:52:53Z,2026-08-28T20:54:46Z,nova-strict,simple-four-modes,e776dc269b790110cb6de4c4fc1e4063d7fa1bc2f21e7745fdf98dc5fe00436b,46d137026d0689fef3e0a48efd72c7c2fd772e1ac1557bec96435b6fa467dc40,1214,0,0,True,,1,0,922.888,var/matches/matches/20260828T205253Z-47f7a38a2c78-nova-strict-vs-simple-four-modes.ndjson,var/matches/recordings/20260828T205253Z-47f7a38a2c78-nova-strict-vs-simple-four-modes.frames.ndjson,b86366cc6c6fd2861249077bb7973b03b4dfe027dd051b940c93099b64a2bb01,8b855724ff08927bfa7b938056786c79bd68e5280f70520da00c32f5fc0a0df3
0632568a7eb2,initial-characterization,2026-08-28T20:54:46Z,2026-08-28T20:56:55Z,vertical-wingbacks,nova-strict,862f8f28168be3cce9828d29d56f5464f500da663e37a5f11bb6d46139de5d58,e776dc269b790110cb6de4c4fc1e4063d7fa1bc2f21e7745fdf98dc5fe00436b,1215,0,0,False,harmful idle fallback,3,2,1189.36,var/matches/matches/20260828T205446Z-0632568a7eb2-vertical-wingbacks-vs-nova-strict.ndjson,var/matches/recordings/20260828T205446Z-0632568a7eb2-vertical-wingbacks-vs-nova-strict.frames.ndjson,4fb9c004be4ac0e78a5dfa22781819682599f0eb5d6bf1fc14e2daeddc98d1f1,4c0fc978e461490a2177899056bec75834225756ef9a1cfc234014ee2448b32b
dafa2e6a6f56,initial-characterization,2026-08-28T20:56:55Z,2026-08-28T20:59:26Z,nova-vertical,release-and-run,4dedda7a9c69f6c310f0cea31b8487a420d173d5de7bc0824684b6c45239565d,8cb4672d6d92b49918374f2505c69a3805c2927ab71e5d174461b53e9c5bb996,1216,1,0,True,,2,0,1213.457,var/matches/matches/20260828T205655Z-dafa2e6a6f56-nova-vertical-vs-release-and-run.ndjson,var/matches/recordings/20260828T205655Z-dafa2e6a6f56-nova-vertical-vs-release-and-run.frames.ndjson,b61c2c8c3a9e636ffd5cdecdae86aeeaab7e7b40a8988f38d8df6e3e0617c238,97a89578e61413ce8ec4936dcd0a7f7baf1637161cf04ad2207cd21bf9a1e8ee
7a11d2bf969f,initial-characterization,2026-08-28T20:59:26Z,2026-08-28T21:01:43Z,nova-vertical,simple-four-modes,4dedda7a9c69f6c310f0cea31b8487a420d173d5de7bc0824684b6c45239565d,46d137026d0689fef3e0a48efd72c7c2fd772e1ac1557bec96435b6fa467dc40,1217,0,0,False,harmful idle fallback,3,1,971.115,var/matches/matches/20260828T205926Z-7a11d2bf969f-nova-vertical-vs-simple-four-modes.ndjson,var/matches/recordings/20260828T205926Z-7a11d2bf969f-nova-vertical-vs-simple-four-modes.frames.ndjson,6f25e27cd9f15b633ba0bceb0b184599c099dc43024350b5632aac588e042f5d,a58786fcb67e67a560e9e49d9b8c13f03c897ce29bdbda66dd8f584f0d152097
cf69f033f69b,initial-characterization,2026-08-28T21:01:43Z,2026-08-28T21:04:15Z,nova-vertical,vertical-wingbacks,4dedda7a9c69f6c310f0cea31b8487a420d173d5de7bc0824684b6c45239565d,862f8f28168be3cce9828d29d56f5464f500da663e37a5f11bb6d46139de5d58,1218,0,0,True,,1,0,1218.82,var/matches/matches/20260828T210143Z-cf69f033f69b-nova-vertical-vs-vertical-wingbacks.ndjson,var/matches/recordings/20260828T210143Z-cf69f033f69b-nova-vertical-vs-vertical-wingbacks.frames.ndjson,468a65e56c6cef68d4ee0060bcb1a5acb6ad4868b0804f3d1076b880c8bf8d88,6723b9d6d830f1e5ef99bc952e3b9f36d7006b35364de4fea186a0e29fe6c3c9
64e2c5147c60,initial-characterization,2026-08-28T21:04:15Z,2026-08-28T21:06:58Z,release-and-run,simple-four-modes,8cb4672d6d92b49918374f2505c69a3805c2927ab71e5d174461b53e9c5bb996,46d137026d0689fef3e0a48efd72c7c2fd772e1ac1557bec96435b6fa467dc40,1219,1,0,True,,0,0,1147.695,var/matches/matches/20260828T210415Z-64e2c5147c60-release-and-run-vs-simple-four-modes.ndjson,var/matches/recordings/20260828T210415Z-64e2c5147c60-release-and-run-vs-simple-four-modes.frames.ndjson,cf0e740527e483f7fb8710056013a7ebf4070559e3f852b26cac654e03c9dd79,334169cb231a16af95e4b23fed641c772ff95fbaa5e6f8fc6e4603b26f674fc4
1a1df270ecbd,initial-characterization,2026-08-28T21:06:58Z,2026-08-28T21:10:02Z,release-and-run,vertical-wingbacks,8cb4672d6d92b49918374f2505c69a3805c2927ab71e5d174461b53e9c5bb996,862f8f28168be3cce9828d29d56f5464f500da663e37a5f11bb6d46139de5d58,1220,0,0,False,harmful idle fallback,1,1,1301.276,var/matches/matches/20260828T210658Z-1a1df270ecbd-release-and-run-vs-vertical-wingbacks.ndjson,var/matches/recordings/20260828T210658Z-1a1df270ecbd-release-and-run-vs-vertical-wingbacks.frames.ndjson,5bbefb9cd1053b7262ee8ddee52f7a765c870940e440e96e9f6db2c4e0ca431c,b66eaf5dcb96c14160f00af1f61a42caa4a64b986db8386a19a6229d923ac0bf
7b2ee6f16e19,initial-characterization,2026-08-28T21:10:02Z,2026-08-28T21:12:47Z,simple-four-modes,vertical-wingbacks,46d137026d0689fef3e0a48efd72c7c2fd772e1ac1557bec96435b6fa467dc40,862f8f28168be3cce9828d29d56f5464f500da663e37a5f11bb6d46139de5d58,1221,0,0,True,,0,0,1144.12,var/matches/matches/20260828T211002Z-7b2ee6f16e19-simple-four-modes-vs-vertical-wingbacks.ndjson,var/matches/recordings/20260828T211002Z-7b2ee6f16e19-simple-four-modes-vs-vertical-wingbacks.frames.ndjson,b3cebd73c40ccb9d4ccfaa2121ce159eff2526348d085fdf6c1335b7a3a76e21,20040adc832e17f75d2cc693c589458dc874da8377828f7d9ca513d7d8390eaa
f972b904c623,g1-screen,2026-08-28T21:16:30Z,2026-08-28T21:18:39Z,release-forward-wave-g1,release-and-run,364d691a64d2d7fdfdeaeae48c9e45c201908040c9ae0b1b0af85a4a9023cd29,8cb4672d6d92b49918374f2505c69a3805c2927ab71e5d174461b53e9c5bb996,1401,0,0,False,harmful idle fallback,1,1,1326.147,var/matches/matches/20260828T211630Z-f972b904c623-release-forward-wave-g1-vs-release-and-run.ndjson,var/matches/recordings/20260828T211630Z-f972b904c623-release-forward-wave-g1-vs-release-and-run.frames.ndjson,7dbb0970cec7c73df7344bf85306f07ff067159ede82b8cf0583344330ca5f7f,fcb10b9c53389b05d813dd157c452e0ec54fa57042a4b1a095c15bfad231f153
802275682b41,g1-screen,2026-08-28T21:18:39Z,2026-08-28T21:21:13Z,release-counterpress-g1,nova-vertical,148b66a65c225f1da93600645957c99afb5151994ce93a933d974b03b615f004,4dedda7a9c69f6c310f0cea31b8487a420d173d5de7bc0824684b6c45239565d,1402,0,0,True,,2,0,1252.158,var/matches/matches/20260828T211839Z-802275682b41-release-counterpress-g1-vs-nova-vertical.ndjson,var/matches/recordings/20260828T211839Z-802275682b41-release-counterpress-g1-vs-nova-vertical.frames.ndjson,b1d3fd2a2cdce4c88a9fcfa688ae712f07f8900d0d3182aae07c70a3fa341ede,80549825552359ce88586919f77d40058c9e22ac42446a353274b2f3bd4c79bb
ae0b14befc1e,g1-side-swap,2026-08-28T21:21:42Z,2026-08-28T21:23:41Z,nova-vertical,release-counterpress-g1,4dedda7a9c69f6c310f0cea31b8487a420d173d5de7bc0824684b6c45239565d,148b66a65c225f1da93600645957c99afb5151994ce93a933d974b03b615f004,1402,1,0,False,harmful idle fallback,3,1,1224.892,var/matches/matches/20260828T212142Z-ae0b14befc1e-nova-vertical-vs-release-counterpress-g1.ndjson,var/matches/recordings/20260828T212142Z-ae0b14befc1e-nova-vertical-vs-release-counterpress-g1.frames.ndjson,363b0c3076603db90b2cd4d5c6cc06ed64546c6a27d1c1bc7f972f8c1dcf9c27,022856ec35461f79af236ebeda8c1fef04431c3c87b373984098246fa7cec532
9475b66f4322,vertical-g1-screen,2026-08-28T21:25:15Z,2026-08-28T21:26:58Z,release-counterpress-g1,vertical-safe-release-g1,148b66a65c225f1da93600645957c99afb5151994ce93a933d974b03b615f004,e091d1939eeb64434fcdc90213715e703d579e38e0460800b750708088faaa25,1402,0,0,True,,4,0,1225.418,var/matches/matches/20260828T212515Z-9475b66f4322-release-counterpress-g1-vs-vertical-safe-release-g1.ndjson,var/matches/recordings/20260828T212515Z-9475b66f4322-release-counterpress-g1-vs-vertical-safe-release-g1.frames.ndjson,f65151a5abe1441c60686c3018a171960c73177e6082b9b10cc9dc65d2ba46b0,3e5bc19f8868456c5a02d8097017c201c3abf5be4a577e6a5064b37019f116fb
2273399b50c9,vertical-g1-screen,2026-08-28T21:26:58Z,2026-08-28T21:29:09Z,vertical-direct-shot-g1,release-and-run,877de770bf1a05f05b4783bc7a89098ee59073d78c087f6fd0cdbf8948cdbdfe,8cb4672d6d92b49918374f2505c69a3805c2927ab71e5d174461b53e9c5bb996,1502,0,1,True,,1,0,1219.309,var/matches/matches/20260828T212658Z-2273399b50c9-vertical-direct-shot-g1-vs-release-and-run.ndjson,var/matches/recordings/20260828T212658Z-2273399b50c9-vertical-direct-shot-g1-vs-release-and-run.frames.ndjson,8780af41e31d97b265af1e6f360781b8b8966228e84fecd0f228623c99b824cb,040fbb058d41e9f936de6ccf3a2072772bb619c4994366bfe07dc316b28c2914
7ce889307d29,safe-release-broad,2026-08-28T21:29:48Z,2026-08-28T21:31:33Z,vertical-safe-release-g1,release-and-run,e091d1939eeb64434fcdc90213715e703d579e38e0460800b750708088faaa25,8cb4672d6d92b49918374f2505c69a3805c2927ab71e5d174461b53e9c5bb996,1601,0,1,True,,1,0,1221.675,var/matches/matches/20260828T212948Z-7ce889307d29-vertical-safe-release-g1-vs-release-and-run.ndjson,var/matches/recordings/20260828T212948Z-7ce889307d29-vertical-safe-release-g1-vs-release-and-run.frames.ndjson,5c8cfc232b15b9764104fb373793fa5ea3408b26e98495bd7f298dd4d9db231b,49e730b0c00066f6577b2c4edd2a2766304e555ccfa03091a7dfb2d55b831759
c8fd60700a2c,safe-release-broad,2026-08-28T21:31:33Z,2026-08-28T21:33:56Z,release-and-run,vertical-safe-release-g1,8cb4672d6d92b49918374f2505c69a3805c2927ab71e5d174461b53e9c5bb996,e091d1939eeb64434fcdc90213715e703d579e38e0460800b750708088faaa25,1601,0,0,True,,1,0,1242.228,var/matches/matches/20260828T213133Z-c8fd60700a2c-release-and-run-vs-vertical-safe-release-g1.ndjson,var/matches/recordings/20260828T213133Z-c8fd60700a2c-release-and-run-vs-vertical-safe-release-g1.frames.ndjson,c3d019391b92905b8c74cc1538d6561c6f57369a788a1a5718d48a3ba362535a,6ce12de423256b1781c2841e2c2fb048197d30a0cde0405b4df900e67621ea81
b50fa47c633d,champion-attack,2026-08-28T21:34:18Z,2026-08-28T21:36:31Z,nova-vertical,release-and-run,4dedda7a9c69f6c310f0cea31b8487a420d173d5de7bc0824684b6c45239565d,8cb4672d6d92b49918374f2505c69a3805c2927ab71e5d174461b53e9c5bb996,1701,1,0,False,harmful idle fallback,5,1,1231.195,var/matches/matches/20260828T213418Z-b50fa47c633d-nova-vertical-vs-release-and-run.ndjson,var/matches/recordings/20260828T213418Z-b50fa47c633d-nova-vertical-vs-release-and-run.frames.ndjson,019e9d6a5feda4818372a815e9c52a8539b46324862c7fb5987b36dfecd0317e,939b79a145311023022a96a4ff7ef31b9201765817aa843f6f3650e800f46736
0fa640d725ee,champion-attack,2026-08-28T21:36:31Z,2026-08-28T21:39:03Z,release-and-run,nova-vertical,8cb4672d6d92b49918374f2505c69a3805c2927ab71e5d174461b53e9c5bb996,4dedda7a9c69f6c310f0cea31b8487a420d173d5de7bc0824684b6c45239565d,1701,0,0,True,,2,0,1239.693,var/matches/matches/20260828T213631Z-0fa640d725ee-release-and-run-vs-nova-vertical.ndjson,var/matches/recordings/20260828T213631Z-0fa640d725ee-release-and-run-vs-nova-vertical.frames.ndjson,6a11ef668df1c15b8f1dc86f8f4c59aab976a4ed956d448f7a9ff6695ab51d82,86e679a929e8312a1f7334c9aec5ca420063c40ef18e0b6d58bd491b0e2c2399
feec22badf14,release-g2-screen,2026-08-28T21:41:26Z,2026-08-28T21:43:15Z,nova-vertical,release-deep-denial-g2,4dedda7a9c69f6c310f0cea31b8487a420d173d5de7bc0824684b6c45239565d,0d131c1b08bca63559c501c6debd7bb4105f5eae13cdb4ad93b2216f5c7b05c0,1802,0,0,False,harmful idle fallback,4,1,1227.236,var/matches/matches/20260828T214126Z-feec22badf14-nova-vertical-vs-release-deep-denial-g2.ndjson,var/matches/recordings/20260828T214126Z-feec22badf14-nova-vertical-vs-release-deep-denial-g2.frames.ndjson,5ed509903fdd5f9e269a03d7bf20899ec579a83c9eb66bacfdaf0ec833926670,e026788e801edfec232a895646419bec479a32d77bd5d4ac0e870d0185c17e36
16915404b3b3,release-g2-screen,2026-08-28T21:43:15Z,2026-08-28T21:45:45Z,release-high-wave-g2,nova-vertical,58c35f2db920d9616ab49e065d65bcf890e2f996140daf501abaa91208d9e2f9,4dedda7a9c69f6c310f0cea31b8487a420d173d5de7bc0824684b6c45239565d,1803,0,0,False,harmful idle fallback,5,3,1234.388,var/matches/matches/20260828T214315Z-16915404b3b3-release-high-wave-g2-vs-nova-vertical.ndjson,var/matches/recordings/20260828T214315Z-16915404b3b3-release-high-wave-g2-vs-nova-vertical.frames.ndjson,a495fbdf8fbfcdd629e834b7d554f85fb3c7306b36506da092c21f4a2517a67c,54517c1163137f2a47cade1e94797f1423bdde9682cda2b84110795ad7078525
b8c07b8ad2e9,deep-denial-g3-screen,2026-08-28T21:46:46Z,2026-08-28T21:48:30Z,nova-vertical,release-deep-denial-g3,4dedda7a9c69f6c310f0cea31b8487a420d173d5de7bc0824684b6c45239565d,8e489d57fbc812ff5bc46afd56773c0811abefb0865a6c7314e61609ed739a0d,1802,0,0,True,,1,0,1194.149,var/matches/matches/20260828T214646Z-b8c07b8ad2e9-nova-vertical-vs-release-deep-denial-g3.ndjson,var/matches/recordings/20260828T214646Z-b8c07b8ad2e9-nova-vertical-vs-release-deep-denial-g3.frames.ndjson,8691a3dcc3e2f6b1fc6c151617296f67d1ffdc8dfc6ad18c405b33c57eb7a7de,643473132df040646a17592e6277e21c40cc27371bb9100d03e82cd0074c2821
b2cdaafdb021,deep-g3-validation,2026-08-28T21:48:43Z,2026-08-28T21:50:57Z,release-deep-denial-g3,nova-vertical,8e489d57fbc812ff5bc46afd56773c0811abefb0865a6c7314e61609ed739a0d,4dedda7a9c69f6c310f0cea31b8487a420d173d5de7bc0824684b6c45239565d,1802,0,0,False,harmful idle fallback,1,1,1253.796,var/matches/matches/20260828T214843Z-b2cdaafdb021-release-deep-denial-g3-vs-nova-vertical.ndjson,var/matches/recordings/20260828T214843Z-b2cdaafdb021-release-deep-denial-g3-vs-nova-vertical.frames.ndjson,530deba873c7c9dc433a1060f87943f5e37e439861027da4df7182085b5cdd27,6534ad44c6d23537e64eac7bf920ebbca5820ca4ef6f901a971d443f8d71abc5
4b4889e83eff,deep-g3-validation,2026-08-28T21:50:57Z,2026-08-28T21:54:02Z,release-deep-denial-g3,release-and-run,8e489d57fbc812ff5bc46afd56773c0811abefb0865a6c7314e61609ed739a0d,8cb4672d6d92b49918374f2505c69a3805c2927ab71e5d174461b53e9c5bb996,1901,0,0,False,harmful idle fallback,2,2,1327.974,var/matches/matches/20260828T215057Z-4b4889e83eff-release-deep-denial-g3-vs-release-and-run.ndjson,var/matches/recordings/20260828T215057Z-4b4889e83eff-release-deep-denial-g3-vs-release-and-run.frames.ndjson,879d39771407ba6623a436eafb988157bef1618f42868ede94e0c5a52d4392d3,ecb9688f79d0f68af62ec99555115dcfde782dfcde5fc1fefb444c7be3042727
8c2db8f8eab6,deep-g4-validation,2026-08-28T21:55:26Z,2026-08-28T21:57:08Z,nova-vertical,release-deep-denial-g4,4dedda7a9c69f6c310f0cea31b8487a420d173d5de7bc0824684b6c45239565d,ff7060ffc0c4d91ba809a9571ce99fc9ff46fe7b4cc26d685f60036a268ace1d,1802,0,0,True,,0,0,1196.973,var/matches/matches/20260828T215526Z-8c2db8f8eab6-nova-vertical-vs-release-deep-denial-g4.ndjson,var/matches/recordings/20260828T215526Z-8c2db8f8eab6-nova-vertical-vs-release-deep-denial-g4.frames.ndjson,ab838c1c69aa6271b7cf08db3fa4caab6366d9410dc8c8d97ad71b885699d45e,f04767ec8593acf0f49c37ac81341024b13ce9d1ab400416851a5f3181609d0a
91cc4fe392ce,deep-g4-validation,2026-08-28T21:57:08Z,2026-08-28T21:59:41Z,release-deep-denial-g4,nova-vertical,ff7060ffc0c4d91ba809a9571ce99fc9ff46fe7b4cc26d685f60036a268ace1d,4dedda7a9c69f6c310f0cea31b8487a420d173d5de7bc0824684b6c45239565d,1802,0,1,True,,0,0,1273.722,var/matches/matches/20260828T215708Z-91cc4fe392ce-release-deep-denial-g4-vs-nova-vertical.ndjson,var/matches/recordings/20260828T215708Z-91cc4fe392ce-release-deep-denial-g4-vs-nova-vertical.frames.ndjson,b40b455a3e060728e9d90663759e0842d1d1537752806d715cc319653b46c36f,d1b83e7e9cb19a3bbea5452fbec177574cde402ba8911b9235b5827c12093d87
90112fca5b8b,deep-g4-fresh-pair,2026-08-28T22:00:05Z,2026-08-28T22:02:12Z,nova-vertical,release-deep-denial-g4,4dedda7a9c69f6c310f0cea31b8487a420d173d5de7bc0824684b6c45239565d,ff7060ffc0c4d91ba809a9571ce99fc9ff46fe7b4cc26d685f60036a268ace1d,2001,0,0,True,,3,0,1215.631,var/matches/matches/20260828T220005Z-90112fca5b8b-nova-vertical-vs-release-deep-denial-g4.ndjson,var/matches/recordings/20260828T220005Z-90112fca5b8b-nova-vertical-vs-release-deep-denial-g4.frames.ndjson,cbd8839016c5a159dafc671a3896b28d6a0e69ae7f9cadd0a77427d1bee44b6c,b6ac61d9afe9e91741041ca23bb5636d5ae80364ca1fa78876012e970fae342e
b2fb28382816,deep-g4-fresh-pair,2026-08-28T22:02:12Z,2026-08-28T22:04:51Z,release-deep-denial-g4,nova-vertical,ff7060ffc0c4d91ba809a9571ce99fc9ff46fe7b4cc26d685f60036a268ace1d,4dedda7a9c69f6c310f0cea31b8487a420d173d5de7bc0824684b6c45239565d,2001,1,0,True,,1,0,1249.151,var/matches/matches/20260828T220212Z-b2fb28382816-release-deep-denial-g4-vs-nova-vertical.ndjson,var/matches/recordings/20260828T220212Z-b2fb28382816-release-deep-denial-g4-vs-nova-vertical.frames.ndjson,a933e2b66ed702bf94e7aa6e492a01730f832148873da2f54cf159f6c33a1fb2,17c0075efc7c7add6e4fccdb138ed27413f6ce5378d90a0fc2be97c732270332
97498e9bd5e8,g4-broad,2026-08-28T22:05:26Z,2026-08-28T22:07:58Z,release-deep-denial-g4,release-and-run,ff7060ffc0c4d91ba809a9571ce99fc9ff46fe7b4cc26d685f60036a268ace1d,8cb4672d6d92b49918374f2505c69a3805c2927ab71e5d174461b53e9c5bb996,2101,0,0,False,harmful idle fallback,1,1,1306.334,var/matches/matches/20260828T220526Z-97498e9bd5e8-release-deep-denial-g4-vs-release-and-run.ndjson,var/matches/recordings/20260828T220526Z-97498e9bd5e8-release-deep-denial-g4-vs-release-and-run.frames.ndjson,133d49803d4d02eddfa1f8608467d445921cf1a7ca8cfd4a8e1ddbeea3c1b2b3,a72fee103f7ebdea25208f8281c250906fb41890ee664b72f9a7e7ab707a0e54
87d67136910a,g4-broad,2026-08-28T22:07:58Z,2026-08-28T22:11:03Z,release-and-run,release-deep-denial-g4,8cb4672d6d92b49918374f2505c69a3805c2927ab71e5d174461b53e9c5bb996,ff7060ffc0c4d91ba809a9571ce99fc9ff46fe7b4cc26d685f60036a268ace1d,2101,0,0,False,harmful idle fallback,1,1,1330.17,var/matches/matches/20260828T220758Z-87d67136910a-release-and-run-vs-release-deep-denial-g4.ndjson,var/matches/recordings/20260828T220758Z-87d67136910a-release-and-run-vs-release-deep-denial-g4.frames.ndjson,4a28adac0939d9301d6869a1fe594bc0a2a55bee5dde3cd689e8aad777252af0,47f5263abde6ae43fd491b70d77a56973cfb8edc5e34608bb47d05bf38b4aa3b
3b4b0fc8580f,g4-broad,2026-08-28T22:11:03Z,2026-08-28T22:13:49Z,release-deep-denial-g4,simple-four-modes,ff7060ffc0c4d91ba809a9571ce99fc9ff46fe7b4cc26d685f60036a268ace1d,46d137026d0689fef3e0a48efd72c7c2fd772e1ac1557bec96435b6fa467dc40,2102,0,0,True,,0,0,1164.97,var/matches/matches/20260828T221103Z-3b4b0fc8580f-release-deep-denial-g4-vs-simple-four-modes.ndjson,var/matches/recordings/20260828T221103Z-3b4b0fc8580f-release-deep-denial-g4-vs-simple-four-modes.frames.ndjson,1e970820445544e5eb0b40cdbb24c2ea60c31572864792b0ee7b9ba9c6569ac1,c767b8096b4869f001b898b91208597a0510db23250ad16df4436adaabd61275
34bf175e89b2,g4-broad,2026-08-28T22:13:49Z,2026-08-28T22:16:36Z,simple-four-modes,release-deep-denial-g4,46d137026d0689fef3e0a48efd72c7c2fd772e1ac1557bec96435b6fa467dc40,ff7060ffc0c4d91ba809a9571ce99fc9ff46fe7b4cc26d685f60036a268ace1d,2102,0,0,True,,0,0,1133.541,var/matches/matches/20260828T221349Z-34bf175e89b2-simple-four-modes-vs-release-deep-denial-g4.ndjson,var/matches/recordings/20260828T221349Z-34bf175e89b2-simple-four-modes-vs-release-deep-denial-g4.frames.ndjson,3ab37fb18d7b0f2be491d40464c1fcc21095ec99b696f05f31830b1fd460f1c1,6da3798692499f349b0f7d85475ee785206554b30ceda96ef3a6f0c9a4894c28
72e756c0f058,g5-screen,2026-08-28T22:17:32Z,2026-08-28T22:19:22Z,release-balanced-g5,simple-four-modes,5906d7c122443848970cfa208e0c2a638036e89253c681224988834c37b6b37e,46d137026d0689fef3e0a48efd72c7c2fd772e1ac1557bec96435b6fa467dc40,2201,0,0,False,harmful idle fallback,1,1,1111.848,var/matches/matches/20260828T221732Z-72e756c0f058-release-balanced-g5-vs-simple-four-modes.ndjson,var/matches/recordings/20260828T221732Z-72e756c0f058-release-balanced-g5-vs-simple-four-modes.frames.ndjson,e25594371cb00d41017315a9da70bad8ef951a080a919a9a65b36cc00afd4a86,94982216c91739b656f3e6815b4a4f6e47cdce4fde24f208bb13b57a6a310981
9cfc916e0594,g5-screen,2026-08-28T22:19:22Z,2026-08-28T22:21:57Z,nova-vertical,release-balanced-g5,4dedda7a9c69f6c310f0cea31b8487a420d173d5de7bc0824684b6c45239565d,5906d7c122443848970cfa208e0c2a638036e89253c681224988834c37b6b37e,2202,0,0,True,,2,0,1233.492,var/matches/matches/20260828T221922Z-9cfc916e0594-nova-vertical-vs-release-balanced-g5.ndjson,var/matches/recordings/20260828T221922Z-9cfc916e0594-nova-vertical-vs-release-balanced-g5.frames.ndjson,25e15b0cf30c62e36b2eb9e17a50d538af5c7767f341471d3a9231d43de46998,26babd8fdffb76749faa50282307d403b29d65cd51966e2cdb3a6cb8ca56522f
52ddcc4865b1,g6-screen,2026-08-28T22:23:30Z,2026-08-28T22:25:19Z,release-finish-window-g6,simple-four-modes,9ff2d6624bfcc7fe3e08adecf1bea198bb812e4c9adc5074f6505119c361a8c7,46d137026d0689fef3e0a48efd72c7c2fd772e1ac1557bec96435b6fa467dc40,2301,0,0,True,,0,0,1104.505,var/matches/matches/20260828T222330Z-52ddcc4865b1-release-finish-window-g6-vs-simple-four-modes.ndjson,var/matches/recordings/20260828T222330Z-52ddcc4865b1-release-finish-window-g6-vs-simple-four-modes.frames.ndjson,866637dd5f800d346050be35805aa9645e234b9086cb4fe606ff88b5aac9aeeb,f99c8db3d56c54317fe960aa202e9e8eb0ce05d0e960dde17218f4e17a825e88
fc6d9f09b141,g6-screen,2026-08-28T22:25:19Z,2026-08-28T22:27:42Z,nova-vertical,release-finish-window-g6,4dedda7a9c69f6c310f0cea31b8487a420d173d5de7bc0824684b6c45239565d,9ff2d6624bfcc7fe3e08adecf1bea198bb812e4c9adc5074f6505119c361a8c7,2302,0,0,True,,2,0,1217.845,var/matches/matches/20260828T222519Z-fc6d9f09b141-nova-vertical-vs-release-finish-window-g6.ndjson,var/matches/recordings/20260828T222519Z-fc6d9f09b141-nova-vertical-vs-release-finish-window-g6.frames.ndjson,515fee761ca4d330bf1bed0c8647677b7bc9aedffe77f6a847205f14a7369a7e,bb329cf093b851ac9f0c5957ead1e662fad20ebe223aa8ffc40e9d076fb39ebb
2f7c6ad89374,orthogonal-g1-screen,2026-08-28T22:29:20Z,2026-08-28T22:30:49Z,simple-pressure-carry-g1,simple-four-modes,46b811f8f974b52fd2013ffe4e8b5c33e04f096a8707c22c24c8a293ee4aeded,46d137026d0689fef3e0a48efd72c7c2fd772e1ac1557bec96435b6fa467dc40,2401,0,0,False,harmful idle fallback,1,1,976.293,var/matches/matches/20260828T222920Z-2f7c6ad89374-simple-pressure-carry-g1-vs-simple-four-modes.ndjson,var/matches/recordings/20260828T222920Z-2f7c6ad89374-simple-pressure-carry-g1-vs-simple-four-modes.frames.ndjson,a0aa8bce8c061b1abf54c5140f275485641a9be3e84adfec9bca3db00da4ae96,abd43b4f2e541b2e4bdde3b0bdf56975701f7969cf46472ba9e17673dc5cd3af
95632e55aefd,orthogonal-g1-screen,2026-08-28T22:30:49Z,2026-08-28T22:33:07Z,strict-wide-pocket-g1,release-and-run,f34690119f289ddc114ebe7a9e97ac7b4e3ead2349fe6559c1aec11da458e0ba,8cb4672d6d92b49918374f2505c69a3805c2927ab71e5d174461b53e9c5bb996,2402,0,0,True,,3,0,1222.433,var/matches/matches/20260828T223049Z-95632e55aefd-strict-wide-pocket-g1-vs-release-and-run.ndjson,var/matches/recordings/20260828T223049Z-95632e55aefd-strict-wide-pocket-g1-vs-release-and-run.frames.ndjson,9589acbc588b13848243421b1089abc30011b7094aff765e1b2923f410ba77ce,f61b48d1111c798eac45952440d038e4ddc0a1e34550a3bd863957439dda1ff4
cb415e3efa6e,strict-g1-validation,2026-08-28T22:33:33Z,2026-08-28T22:35:31Z,release-and-run,strict-wide-pocket-g1,8cb4672d6d92b49918374f2505c69a3805c2927ab71e5d174461b53e9c5bb996,f34690119f289ddc114ebe7a9e97ac7b4e3ead2349fe6559c1aec11da458e0ba,2402,0,0,False,harmful idle fallback,3,1,1208.445,var/matches/matches/20260828T223333Z-cb415e3efa6e-release-and-run-vs-strict-wide-pocket-g1.ndjson,var/matches/recordings/20260828T223333Z-cb415e3efa6e-release-and-run-vs-strict-wide-pocket-g1.frames.ndjson,480359e24b6a85d1191cbdaf3b85c79fa784c3a8e0035948edda323903747c25,f6e5753eddaaad64e60854e75a9a5c70fa9efbb3696205f597916b2b7bc300c0
33e585bd14bd,strict-g1-validation,2026-08-28T22:35:31Z,2026-08-28T22:37:10Z,strict-wide-pocket-g1,nova-strict,f34690119f289ddc114ebe7a9e97ac7b4e3ead2349fe6559c1aec11da458e0ba,e776dc269b790110cb6de4c4fc1e4063d7fa1bc2f21e7745fdf98dc5fe00436b,2403,1,1,False,harmful idle fallback,4,3,1034.852,var/matches/matches/20260828T223531Z-33e585bd14bd-strict-wide-pocket-g1-vs-nova-strict.ndjson,var/matches/recordings/20260828T223531Z-33e585bd14bd-strict-wide-pocket-g1-vs-nova-strict.frames.ndjson,f02d714b0886b973fae09dcabcda17aa75eca63b0d2e488e6fdd6346d592ef4c,eb15964288215200de86e69c3ae7fa2ba20597a4a052e93f09bcea40213849b5
6ecd44f6d10f,strict-g2-validation,2026-08-28T22:38:36Z,2026-08-28T22:40:09Z,release-and-run,strict-wide-pocket-g2,8cb4672d6d92b49918374f2505c69a3805c2927ab71e5d174461b53e9c5bb996,c8df789e0ea8170cafbf1df413a5dc87b458ada170cec32738f2a0ef2a7021e5,2402,0,0,True,,0,0,1214.024,var/matches/matches/20260828T223836Z-6ecd44f6d10f-release-and-run-vs-strict-wide-pocket-g2.ndjson,var/matches/recordings/20260828T223836Z-6ecd44f6d10f-release-and-run-vs-strict-wide-pocket-g2.frames.ndjson,b368fea501066ef4c0d8b211004b2b814d0a88d2fb2765be29252ca35be33483,7aa9640178970a171355c3a2a5f341e38e61988fa3a1713dd10c81bd6e73e389
7201183557d7,strict-g2-validation,2026-08-28T22:40:09Z,2026-08-28T22:41:35Z,strict-wide-pocket-g2,nova-strict,c8df789e0ea8170cafbf1df413a5dc87b458ada170cec32738f2a0ef2a7021e5,e776dc269b790110cb6de4c4fc1e4063d7fa1bc2f21e7745fdf98dc5fe00436b,2403,1,1,False,harmful idle fallback,5,1,14.334,var/matches/matches/20260828T224009Z-7201183557d7-strict-wide-pocket-g2-vs-nova-strict.ndjson,var/matches/recordings/20260828T224009Z-7201183557d7-strict-wide-pocket-g2-vs-nova-strict.frames.ndjson,3cc5b6b33e223ca96c88957eb7dfdbe6a6d638b9025f912849d72f06f4ae3fcf,5982e6c0678b92f4db063232c30a6f013f2ca66a6c5156044f051479dc53b1c8
5307df2e4071,strict-g3-exact-validation,2026-08-28T22:42:39Z,2026-08-28T22:44:11Z,strict-wide-pocket-g3,nova-strict,87f330493b3e105bd43006d786b9ae741c487147f11dff8f37a2e1800c58bb9a,e776dc269b790110cb6de4c4fc1e4063d7fa1bc2f21e7745fdf98dc5fe00436b,2403,2,2,False,harmful idle fallback,6,1,1067.519,var/matches/matches/20260828T224239Z-5307df2e4071-strict-wide-pocket-g3-vs-nova-strict.ndjson,var/matches/recordings/20260828T224239Z-5307df2e4071-strict-wide-pocket-g3-vs-nova-strict.frames.ndjson,99d0ddc332c012df6b7b74b4eeea4086be1707193c44ff5d567fea3d55e7cd6d,8addba66941dcdaf89026e6223b01063097619a0869f48b66b7b67141e4bf624
e4cf075195e5,strict-g3-champion-pair,2026-08-28T22:44:37Z,2026-08-28T22:46:15Z,strict-wide-pocket-g3,release-and-run,87f330493b3e105bd43006d786b9ae741c487147f11dff8f37a2e1800c58bb9a,8cb4672d6d92b49918374f2505c69a3805c2927ab71e5d174461b53e9c5bb996,2601,0,0,True,,2,0,1193.949,var/matches/matches/20260828T224437Z-e4cf075195e5-strict-wide-pocket-g3-vs-release-and-run.ndjson,var/matches/recordings/20260828T224437Z-e4cf075195e5-strict-wide-pocket-g3-vs-release-and-run.frames.ndjson,20c1bb337c5dc7fc81d0e5495c68cc11f6161c46061ba8d7287341f497431cc4,aa0795807c7601337807038a354d6ecbcfb90b5c85fe20c2f7712140c1a9f4a2
b8be907e1e7d,strict-g3-champion-pair,2026-08-28T22:46:15Z,2026-08-28T22:48:19Z,release-and-run,strict-wide-pocket-g3,8cb4672d6d92b49918374f2505c69a3805c2927ab71e5d174461b53e9c5bb996,87f330493b3e105bd43006d786b9ae741c487147f11dff8f37a2e1800c58bb9a,2601,0,0,True,,1,0,1226.035,var/matches/matches/20260828T224615Z-b8be907e1e7d-release-and-run-vs-strict-wide-pocket-g3.ndjson,var/matches/recordings/20260828T224615Z-b8be907e1e7d-release-and-run-vs-strict-wide-pocket-g3.frames.ndjson,bb3e9da80caf29038bd2f88671dcd3d7203f8bac7a2d14fd8eca99483f77d416,d28ca464fec9ac95535a822815a3f2ed61fe1649741614d746dbc75340d5866b
916decd7e928,top4-league,2026-08-28T22:48:51Z,2026-08-28T22:51:00Z,release-and-run,nova-vertical,8cb4672d6d92b49918374f2505c69a3805c2927ab71e5d174461b53e9c5bb996,4dedda7a9c69f6c310f0cea31b8487a420d173d5de7bc0824684b6c45239565d,2701,0,0,True,,2,0,1236.793,var/matches/matches/20260828T224851Z-916decd7e928-release-and-run-vs-nova-vertical.ndjson,var/matches/recordings/20260828T224851Z-916decd7e928-release-and-run-vs-nova-vertical.frames.ndjson,fc53e82c57e2283b567928848dd853bd3091744c09cd3cf9f573aa56c33f067f,56f45ce4c0508ba579530ac62acdbf35f1a25a0535c859ff6421a38317809dd9
1cd7a2cab885,top4-league,2026-08-28T22:51:00Z,2026-08-28T22:53:20Z,nova-vertical,release-and-run,4dedda7a9c69f6c310f0cea31b8487a420d173d5de7bc0824684b6c45239565d,8cb4672d6d92b49918374f2505c69a3805c2927ab71e5d174461b53e9c5bb996,2701,0,0,True,,0,0,1208.133,var/matches/matches/20260828T225100Z-1cd7a2cab885-nova-vertical-vs-release-and-run.ndjson,var/matches/recordings/20260828T225100Z-1cd7a2cab885-nova-vertical-vs-release-and-run.frames.ndjson,136bccf5f9d6e77d12bde2b2e4042c87f4261aa4dbb56a46223faaf0c8669462,e1b29b4e5b1bb7b6e33d9e8e0eb8e8490fe5fcbd4332e8e351f994d557c067de
7ac50f399a10,top4-league,2026-08-28T22:53:20Z,2026-08-28T22:56:25Z,release-and-run,release-deep-denial-g4,8cb4672d6d92b49918374f2505c69a3805c2927ab71e5d174461b53e9c5bb996,ff7060ffc0c4d91ba809a9571ce99fc9ff46fe7b4cc26d685f60036a268ace1d,2702,0,0,False,harmful idle fallback,1,1,1349.132,var/matches/matches/20260828T225320Z-7ac50f399a10-release-and-run-vs-release-deep-denial-g4.ndjson,var/matches/recordings/20260828T225320Z-7ac50f399a10-release-and-run-vs-release-deep-denial-g4.frames.ndjson,1480ba9d9e4c127e92f23d82c8763a8343496164293b844dc2ed374607a41668,adc8447f804982e2bc23bb395f99be133e54247171145447a78bce45e863c11f
2d3b91579c4d,top4-league,2026-08-28T22:56:25Z,2026-08-28T22:59:32Z,release-deep-denial-g4,release-and-run,ff7060ffc0c4d91ba809a9571ce99fc9ff46fe7b4cc26d685f60036a268ace1d,8cb4672d6d92b49918374f2505c69a3805c2927ab71e5d174461b53e9c5bb996,2702,0,0,False,harmful idle fallback,1,1,1321.314,var/matches/matches/20260828T225625Z-2d3b91579c4d-release-deep-denial-g4-vs-release-and-run.ndjson,var/matches/recordings/20260828T225625Z-2d3b91579c4d-release-deep-denial-g4-vs-release-and-run.frames.ndjson,4793e96bf29ee00499a71430866225a72a65fe460a87b5a89b3be56a6bfb372d,7ea708f831a20c2b3a54d45fea69091bc38e9cdfdeef35504839cc3a6ce7a15d
26fd4e83cb16,top4-league,2026-08-28T22:59:33Z,2026-08-28T23:01:54Z,release-and-run,strict-wide-pocket-g3,8cb4672d6d92b49918374f2505c69a3805c2927ab71e5d174461b53e9c5bb996,87f330493b3e105bd43006d786b9ae741c487147f11dff8f37a2e1800c58bb9a,2703,0,0,True,,1,0,1225.805,var/matches/matches/20260828T225933Z-26fd4e83cb16-release-and-run-vs-strict-wide-pocket-g3.ndjson,var/matches/recordings/20260828T225933Z-26fd4e83cb16-release-and-run-vs-strict-wide-pocket-g3.frames.ndjson,1e797933a5a68559b80850e8c13c033a863090ea8f7da9b02a5a33e2590e9b21,ac75482441961b22a09ae217761764aa47c402f8a9f2d0a03b59270b2a0760ea
7cdaf9b009e6,top4-league,2026-08-28T23:01:54Z,2026-08-28T23:04:06Z,strict-wide-pocket-g3,release-and-run,87f330493b3e105bd43006d786b9ae741c487147f11dff8f37a2e1800c58bb9a,8cb4672d6d92b49918374f2505c69a3805c2927ab71e5d174461b53e9c5bb996,2703,0,0,False,harmful idle fallback,4,1,1203.013,var/matches/matches/20260828T230154Z-7cdaf9b009e6-strict-wide-pocket-g3-vs-release-and-run.ndjson,var/matches/recordings/20260828T230154Z-7cdaf9b009e6-strict-wide-pocket-g3-vs-release-and-run.frames.ndjson,302da73e6c208aaf3e764ad8a271084c425d42136951cda63aa605b3edc6c32f,e3934eb0cf2b0bedfabe55303260be643c2855837914dfbb567f0c914b2a813d
16a90a8d70d3,top4-league,2026-08-28T23:04:06Z,2026-08-28T23:06:39Z,nova-vertical,release-deep-denial-g4,4dedda7a9c69f6c310f0cea31b8487a420d173d5de7bc0824684b6c45239565d,ff7060ffc0c4d91ba809a9571ce99fc9ff46fe7b4cc26d685f60036a268ace1d,2704,0,0,True,,0,0,1229.578,var/matches/matches/20260828T230406Z-16a90a8d70d3-nova-vertical-vs-release-deep-denial-g4.ndjson,var/matches/recordings/20260828T230406Z-16a90a8d70d3-nova-vertical-vs-release-deep-denial-g4.frames.ndjson,2be16335117db9f555f90e0f9ab67c4b5cf2c613df7a8cb06202edb999c7bdbd,844cec0e131018ddb8cd23a85b79048d3b90afd10664af166ad5507cb9da39f4
35988b7b87e7,top4-league,2026-08-28T23:06:39Z,2026-08-28T23:09:12Z,release-deep-denial-g4,nova-vertical,ff7060ffc0c4d91ba809a9571ce99fc9ff46fe7b4cc26d685f60036a268ace1d,4dedda7a9c69f6c310f0cea31b8487a420d173d5de7bc0824684b6c45239565d,2704,1,0,True,,1,0,1240.687,var/matches/matches/20260828T230639Z-35988b7b87e7-release-deep-denial-g4-vs-nova-vertical.ndjson,var/matches/recordings/20260828T230639Z-35988b7b87e7-release-deep-denial-g4-vs-nova-vertical.frames.ndjson,05f910cf2fdbfd09d7ae4b53bc37c736659388dbd98845e9d27798ec0f849317,3a8c8f414cb5846a1384ff22f74d717f046322f6e316546165853ed8b8cb3429
0ee2d149c3b0,top4-league,2026-08-28T23:09:12Z,2026-08-28T23:11:03Z,nova-vertical,strict-wide-pocket-g3,4dedda7a9c69f6c310f0cea31b8487a420d173d5de7bc0824684b6c45239565d,87f330493b3e105bd43006d786b9ae741c487147f11dff8f37a2e1800c58bb9a,2705,0,0,True,,1,0,1109.734,var/matches/matches/20260828T230912Z-0ee2d149c3b0-nova-vertical-vs-strict-wide-pocket-g3.ndjson,var/matches/recordings/20260828T230912Z-0ee2d149c3b0-nova-vertical-vs-strict-wide-pocket-g3.frames.ndjson,50a10d0427191d9ae8aecb5df66260deb2961df111c3b7d0a3691f0c68ef9e27,1b415669012f5d7672a828880d491f7d838e61372ef3504296ade33ed441d901
e1bd9d60f038,top4-league,2026-08-28T23:11:03Z,2026-08-28T23:13:08Z,strict-wide-pocket-g3,nova-vertical,87f330493b3e105bd43006d786b9ae741c487147f11dff8f37a2e1800c58bb9a,4dedda7a9c69f6c310f0cea31b8487a420d173d5de7bc0824684b6c45239565d,2705,0,0,True,,4,0,1156.287,var/matches/matches/20260828T231103Z-e1bd9d60f038-strict-wide-pocket-g3-vs-nova-vertical.ndjson,var/matches/recordings/20260828T231103Z-e1bd9d60f038-strict-wide-pocket-g3-vs-nova-vertical.frames.ndjson,4febcfb723e30904dc497f2c0a671e4e17461d68716fc8badad6308b888c5c57,9961ec7905e128116ec72d3095982c676b68299ec8c05e048820c0598ca99587
673aee0b6a1a,top4-league,2026-08-28T23:13:08Z,2026-08-28T23:15:39Z,release-deep-denial-g4,strict-wide-pocket-g3,ff7060ffc0c4d91ba809a9571ce99fc9ff46fe7b4cc26d685f60036a268ace1d,87f330493b3e105bd43006d786b9ae741c487147f11dff8f37a2e1800c58bb9a,2706,0,0,True,,3,0,1245.782,var/matches/matches/20260828T231308Z-673aee0b6a1a-release-deep-denial-g4-vs-strict-wide-pocket-g3.ndjson,var/matches/recordings/20260828T231308Z-673aee0b6a1a-release-deep-denial-g4-vs-strict-wide-pocket-g3.frames.ndjson,b288e48e6398b883bed2f6a92e5f0186ec1920d7d5ba8fdf64f707d1a9e5dc0a,a16d6aaad468a10d0c0fbcd7668abbce218cc83031ace3757d971a2a0cb466aa
d9b6291594f1,top4-league,2026-08-28T23:15:40Z,2026-08-28T23:18:05Z,strict-wide-pocket-g3,release-deep-denial-g4,87f330493b3e105bd43006d786b9ae741c487147f11dff8f37a2e1800c58bb9a,ff7060ffc0c4d91ba809a9571ce99fc9ff46fe7b4cc26d685f60036a268ace1d,2706,0,0,True,,1,0,1228.298,var/matches/matches/20260828T231540Z-d9b6291594f1-strict-wide-pocket-g3-vs-release-deep-denial-g4.ndjson,var/matches/recordings/20260828T231540Z-d9b6291594f1-strict-wide-pocket-g3-vs-release-deep-denial-g4.frames.ndjson,85808c5e67ba21f95b1a45718fc4fba333be5f0346abd0106d04adea15d27a33,3fa4dc313cbeddbc46c6e77138348a351bc0df234d3c630dd550397db019ea15
e31e63faecc3,reliable-g1-screen,2026-08-28T23:19:24Z,2026-08-28T23:21:33Z,release-reliable-g1,release-deep-denial-g4,d506916f3131c6dd5e3443bb4b9b7629b30f103d9fc98e889780e1e22ca789f4,ff7060ffc0c4d91ba809a9571ce99fc9ff46fe7b4cc26d685f60036a268ace1d,2702,0,0,False,harmful idle fallback,1,1,1317.908,var/matches/matches/20260828T231924Z-e31e63faecc3-release-reliable-g1-vs-release-deep-denial-g4.ndjson,var/matches/recordings/20260828T231924Z-e31e63faecc3-release-reliable-g1-vs-release-deep-denial-g4.frames.ndjson,93bc3ea6efbec4d94db511b7a79a830a949c58c6c500c8dd027b27938f56cd7e,cadacb401d3fc3cd9e983295020eac9df69e72dd2931c452cfa093864a0e0f30
8198db4e0bd5,reliable-g1-screen,2026-08-28T23:21:33Z,2026-08-28T23:24:36Z,release-deep-denial-g4,release-reliable-g1,ff7060ffc0c4d91ba809a9571ce99fc9ff46fe7b4cc26d685f60036a268ace1d,d506916f3131c6dd5e3443bb4b9b7629b30f103d9fc98e889780e1e22ca789f4,2702,0,0,True,,0,0,1339.205,var/matches/matches/20260828T232133Z-8198db4e0bd5-release-deep-denial-g4-vs-release-reliable-g1.ndjson,var/matches/recordings/20260828T232133Z-8198db4e0bd5-release-deep-denial-g4-vs-release-reliable-g1.frames.ndjson,0f8a9633a6bec1706916f79804276efc2be2b9d97fb36b6f12c2a172257a7849,b1852dccbbebd8ed03b2325efe59c9ae760ec0d190954f30bb0d804d845b003d
29822f35d65b,reliable-g1-screen,2026-08-28T23:24:37Z,2026-08-28T23:27:23Z,release-reliable-g1,simple-four-modes,d506916f3131c6dd5e3443bb4b9b7629b30f103d9fc98e889780e1e22ca789f4,46d137026d0689fef3e0a48efd72c7c2fd772e1ac1557bec96435b6fa467dc40,1219,0,0,True,,0,0,1150.303,var/matches/matches/20260828T232437Z-29822f35d65b-release-reliable-g1-vs-simple-four-modes.ndjson,var/matches/recordings/20260828T232437Z-29822f35d65b-release-reliable-g1-vs-simple-four-modes.frames.ndjson,6f333f1a4982aeb846995573f0190d2005cfd3bcab602fc2f69fad6dc50a5346,956b6b1e269e742c32c6401c93656bd42fb428f5d31617a5f5430c42ee58c89f
75fbdfd49cdd,top4-league-2,2026-08-28T23:27:45Z,2026-08-28T23:30:05Z,release-and-run,nova-vertical,8cb4672d6d92b49918374f2505c69a3805c2927ab71e5d174461b53e9c5bb996,4dedda7a9c69f6c310f0cea31b8487a420d173d5de7bc0824684b6c45239565d,3001,0,0,True,,3,0,1274.431,var/matches/matches/20260828T232745Z-75fbdfd49cdd-release-and-run-vs-nova-vertical.ndjson,var/matches/recordings/20260828T232745Z-75fbdfd49cdd-release-and-run-vs-nova-vertical.frames.ndjson,ec9f45d110494266ef0ead338d33e39861b729be2cb2560dac85868b949ac705,b0272d8f725bb2d3767e3f6c7da388bc807cf7ce25a8df2b1c0a0b4aa6628657
d7449a17a485,top4-league-2,2026-08-28T23:30:05Z,2026-08-28T23:32:43Z,nova-vertical,release-and-run,4dedda7a9c69f6c310f0cea31b8487a420d173d5de7bc0824684b6c45239565d,8cb4672d6d92b49918374f2505c69a3805c2927ab71e5d174461b53e9c5bb996,3001,1,0,False,harmful idle fallback,4,1,1231.519,var/matches/matches/20260828T233005Z-d7449a17a485-nova-vertical-vs-release-and-run.ndjson,var/matches/recordings/20260828T233005Z-d7449a17a485-nova-vertical-vs-release-and-run.frames.ndjson,648d7f3bf080a4cf0e07d7b1267a32d2d716137542707fd2f7d51cbd2e99e0a8,07e240d511bd51d44bb83a0b46f198776893608fd11886499a4e67139de8f97d
0ac028a769c6,top4-league-2,2026-08-28T23:32:43Z,2026-08-28T23:35:46Z,release-and-run,release-deep-denial-g4,8cb4672d6d92b49918374f2505c69a3805c2927ab71e5d174461b53e9c5bb996,ff7060ffc0c4d91ba809a9571ce99fc9ff46fe7b4cc26d685f60036a268ace1d,3002,0,0,False,harmful idle fallback,2,2,1345.641,var/matches/matches/20260828T233243Z-0ac028a769c6-release-and-run-vs-release-deep-denial-g4.ndjson,var/matches/recordings/20260828T233243Z-0ac028a769c6-release-and-run-vs-release-deep-denial-g4.frames.ndjson,3c053604e50969f3bb994bc72d26ef976a0d24b8aab179d8e340df1e757f5d7f,3395f141d75973cd023b416af55a225c01e426f77e0bf2a4475451295ddf7242
d77a4c9aeca6,top4-league-2,2026-08-28T23:35:46Z,2026-08-28T23:38:54Z,release-deep-denial-g4,release-and-run,ff7060ffc0c4d91ba809a9571ce99fc9ff46fe7b4cc26d685f60036a268ace1d,8cb4672d6d92b49918374f2505c69a3805c2927ab71e5d174461b53e9c5bb996,3002,0,0,False,harmful idle fallback,2,2,1329.008,var/matches/matches/20260828T233546Z-d77a4c9aeca6-release-deep-denial-g4-vs-release-and-run.ndjson,var/matches/recordings/20260828T233546Z-d77a4c9aeca6-release-deep-denial-g4-vs-release-and-run.frames.ndjson,b569811290d2c1db603e0c663f3a5e28fcbff4c1901de48b1e1805906d6ea9b0,cd0b44cbcd64fdb29b3441e76bb9febb30fc16fe2307330da4176d9d9cd73386
23446ce6a170,top4-league-2,2026-08-28T23:38:54Z,2026-08-28T23:41:08Z,release-and-run,strict-wide-pocket-g3,8cb4672d6d92b49918374f2505c69a3805c2927ab71e5d174461b53e9c5bb996,87f330493b3e105bd43006d786b9ae741c487147f11dff8f37a2e1800c58bb9a,3003,0,0,True,,0,0,1205.559,var/matches/matches/20260828T233854Z-23446ce6a170-release-and-run-vs-strict-wide-pocket-g3.ndjson,var/matches/recordings/20260828T233854Z-23446ce6a170-release-and-run-vs-strict-wide-pocket-g3.frames.ndjson,06dcb228392b7b4e9b715ab66b340cac513631db56625b915de6cee8801b2ce2,af84a5b523c84d766e03bf2e02709270e40f38a3108c910c5ab9823592853a12
95426c794acd,top4-league-2,2026-08-28T23:41:08Z,2026-08-28T23:43:21Z,strict-wide-pocket-g3,release-and-run,87f330493b3e105bd43006d786b9ae741c487147f11dff8f37a2e1800c58bb9a,8cb4672d6d92b49918374f2505c69a3805c2927ab71e5d174461b53e9c5bb996,3003,0,0,True,,3,0,1202.842,var/matches/matches/20260828T234108Z-95426c794acd-strict-wide-pocket-g3-vs-release-and-run.ndjson,var/matches/recordings/20260828T234108Z-95426c794acd-strict-wide-pocket-g3-vs-release-and-run.frames.ndjson,a5079f9bbcf92b06acf31b7a5081b6bec96894fdb5107a18de04a837cdc1b006,58bba2177d6313bbd8b4904d5a2856e06f5d176ef5b3c15f93784b77228bff73
7f8fe01e4925,top4-league-2,2026-08-28T23:43:21Z,2026-08-28T23:45:49Z,nova-vertical,release-deep-denial-g4,4dedda7a9c69f6c310f0cea31b8487a420d173d5de7bc0824684b6c45239565d,ff7060ffc0c4d91ba809a9571ce99fc9ff46fe7b4cc26d685f60036a268ace1d,3004,0,0,True,,3,0,1234.235,var/matches/matches/20260828T234321Z-7f8fe01e4925-nova-vertical-vs-release-deep-denial-g4.ndjson,var/matches/recordings/20260828T234321Z-7f8fe01e4925-nova-vertical-vs-release-deep-denial-g4.frames.ndjson,8a3c2e451203ab785c29b992c74c4b0d63ca42d022b584906ece8323e067b5a3,18e0b19a8c2872a0f0b20fd4b2148dd42ec54cdf11e7c2cd7a36df6eef8cb7ea
34544f6ee0be,top4-league-2,2026-08-28T23:45:49Z,2026-08-28T23:48:13Z,release-deep-denial-g4,nova-vertical,ff7060ffc0c4d91ba809a9571ce99fc9ff46fe7b4cc26d685f60036a268ace1d,4dedda7a9c69f6c310f0cea31b8487a420d173d5de7bc0824684b6c45239565d,3004,1,0,True,,1,0,1215.309,var/matches/matches/20260828T234550Z-34544f6ee0be-release-deep-denial-g4-vs-nova-vertical.ndjson,var/matches/recordings/20260828T234550Z-34544f6ee0be-release-deep-denial-g4-vs-nova-vertical.frames.ndjson,7ab8e0647cc8cb6b35a8e4d14f11c6c4019edbc127df74c7b7f3821051070b9d,9a1bbbd83451b45c30ce960ef741034066243a6835104b8e0dcc298514fdea90
54bdbf5e9431,top4-league-2,2026-08-28T23:48:13Z,2026-08-28T23:50:00Z,nova-vertical,strict-wide-pocket-g3,4dedda7a9c69f6c310f0cea31b8487a420d173d5de7bc0824684b6c45239565d,87f330493b3e105bd43006d786b9ae741c487147f11dff8f37a2e1800c58bb9a,3005,0,0,True,,1,0,1038.566,var/matches/matches/20260828T234813Z-54bdbf5e9431-nova-vertical-vs-strict-wide-pocket-g3.ndjson,var/matches/recordings/20260828T234813Z-54bdbf5e9431-nova-vertical-vs-strict-wide-pocket-g3.frames.ndjson,a1bbb2f2adb52c9492b5c1dc372379223dc54ba575f3e400a02047e1a0b8fcf8,d3a161262d441520533d7b4c40005888df81c9e655ef75b67c32d9b050a4922d
19b914971a78,top4-league-2,2026-08-28T23:50:00Z,2026-08-28T23:51:51Z,strict-wide-pocket-g3,nova-vertical,87f330493b3e105bd43006d786b9ae741c487147f11dff8f37a2e1800c58bb9a,4dedda7a9c69f6c310f0cea31b8487a420d173d5de7bc0824684b6c45239565d,3005,0,1,True,,1,0,1105.979,var/matches/matches/20260828T235000Z-19b914971a78-strict-wide-pocket-g3-vs-nova-vertical.ndjson,var/matches/recordings/20260828T235000Z-19b914971a78-strict-wide-pocket-g3-vs-nova-vertical.frames.ndjson,135cd524791c8e4ffa4cf72422ea666ff887b9fe732fd6daf3c81c9e71159558,d1925b8f0e5f7a14ea852273660396f49adfb5634ccccbd5b1f81482a113e0d1
0fdd34a973fb,top4-league-2,2026-08-28T23:51:51Z,2026-08-28T23:54:03Z,release-deep-denial-g4,strict-wide-pocket-g3,ff7060ffc0c4d91ba809a9571ce99fc9ff46fe7b4cc26d685f60036a268ace1d,87f330493b3e105bd43006d786b9ae741c487147f11dff8f37a2e1800c58bb9a,3006,0,0,False,harmful idle fallback,3,1,1191.784,var/matches/matches/20260828T235151Z-0fdd34a973fb-release-deep-denial-g4-vs-strict-wide-pocket-g3.ndjson,var/matches/recordings/20260828T235151Z-0fdd34a973fb-release-deep-denial-g4-vs-strict-wide-pocket-g3.frames.ndjson,dd23b1d7e5a0ae08a0ead0c4bb2f214be9b7cf00004e70a19c28653089fcba84,0fea1f572d5c9dc9cf335190bcd27d6fa96950fadb96a95473d2b8fd21194378
ac36fbbbe3b5,top4-league-2,2026-08-28T23:54:03Z,2026-08-28T23:56:24Z,strict-wide-pocket-g3,release-deep-denial-g4,87f330493b3e105bd43006d786b9ae741c487147f11dff8f37a2e1800c58bb9a,ff7060ffc0c4d91ba809a9571ce99fc9ff46fe7b4cc26d685f60036a268ace1d,3006,0,0,True,,0,0,1193.624,var/matches/matches/20260828T235403Z-ac36fbbbe3b5-strict-wide-pocket-g3-vs-release-deep-denial-g4.ndjson,var/matches/recordings/20260828T235403Z-ac36fbbbe3b5-strict-wide-pocket-g3-vs-release-deep-denial-g4.frames.ndjson,ebc3fb0e49163a27ff842b9379cd53ab80e894582b40a8d033474e97cdb5c5b9,ca30871dbb9c71db713c90f477ab7f4235c65502ddb44f266f61d7ca74aef764
658a42a6d150,champion-exploiter-screen,2026-08-28T23:57:34Z,2026-08-28T23:59:10Z,strict-switch-counter-g4,release-deep-denial-g4,6bbafafba7a7780b92c6b70ae4135c86cbe74ba8ec18f5769121128e9da690c4,ff7060ffc0c4d91ba809a9571ce99fc9ff46fe7b4cc26d685f60036a268ace1d,3101,0,0,True,,0,0,1171.519,var/matches/matches/20260828T235734Z-658a42a6d150-strict-switch-counter-g4-vs-release-deep-denial-g4.ndjson,var/matches/recordings/20260828T235734Z-658a42a6d150-strict-switch-counter-g4-vs-release-deep-denial-g4.frames.ndjson,3e957946f5d6591bb42887b40ef968bb9837ea89cce5b82cd107fd8f54ffbea9,db8bdee1c72c5f37849158f900d655d4684f385315fb889c700522dfa2a99f15
16143d3cb00e,champion-exploiter-side-swap,2026-08-28T23:59:33Z,2026-08-29T00:01:09Z,release-deep-denial-g4,strict-switch-counter-g4,ff7060ffc0c4d91ba809a9571ce99fc9ff46fe7b4cc26d685f60036a268ace1d,6bbafafba7a7780b92c6b70ae4135c86cbe74ba8ec18f5769121128e9da690c4,3101,0,0,True,,0,0,1186.629,var/matches/matches/20260828T235933Z-16143d3cb00e-release-deep-denial-g4-vs-strict-switch-counter-g4.ndjson,var/matches/recordings/20260828T235933Z-16143d3cb00e-release-deep-denial-g4-vs-strict-switch-counter-g4.frames.ndjson,c09cac2fba170b23db7c123d59c7064d04c3807992bf7e6a17b852995fe30fef,6bb3dfe9d8c13e64ec390dc28dd4ced2e0b42c7a8dc3173de77980d23b2d6d7c
abe1ff57b96a,shield-g5-robustification,2026-08-29T00:02:16Z,2026-08-29T00:03:54Z,strict-switch-counter-g4,release-switch-shield-g5,6bbafafba7a7780b92c6b70ae4135c86cbe74ba8ec18f5769121128e9da690c4,692e83ee34a9d1beed7ad2586cc46906dbd3f75eba49d88a82314b6f64613724,3101,0,1,True,,1,0,1215.653,var/matches/matches/20260829T000216Z-abe1ff57b96a-strict-switch-counter-g4-vs-release-switch-shield-g5.ndjson,var/matches/recordings/20260829T000216Z-abe1ff57b96a-strict-switch-counter-g4-vs-release-switch-shield-g5.frames.ndjson,7ef1c89c14d5472e8c7c5b70e04ce4c6f749c6cb13a4dfdf01c2f9e8773b9bbd,53f800f90fa606c6f20dfcda0195cca4b6a56440d6234629d2185aa8a3544163
bfc9927c8e6d,shield-g5-robustification,2026-08-29T00:03:54Z,2026-08-29T00:06:03Z,release-switch-shield-g5,strict-switch-counter-g4,692e83ee34a9d1beed7ad2586cc46906dbd3f75eba49d88a82314b6f64613724,6bbafafba7a7780b92c6b70ae4135c86cbe74ba8ec18f5769121128e9da690c4,3101,0,0,True,,0,0,1235.455,var/matches/matches/20260829T000354Z-bfc9927c8e6d-release-switch-shield-g5-vs-strict-switch-counter-g4.ndjson,var/matches/recordings/20260829T000354Z-bfc9927c8e6d-release-switch-shield-g5-vs-strict-switch-counter-g4.frames.ndjson,31dbfe2679c0a1c0c99089d81016199006452406f644446a6a1a67c16e0b976c,9f457e357736d3efca04e8cbbcb56771c8f87a82651349b0064e6573a4e86fd2
3b4464f0686c,shield-g5-broad,2026-08-29T00:06:39Z,2026-08-29T00:09:12Z,release-switch-shield-g5,release-deep-denial-g4,692e83ee34a9d1beed7ad2586cc46906dbd3f75eba49d88a82314b6f64613724,ff7060ffc0c4d91ba809a9571ce99fc9ff46fe7b4cc26d685f60036a268ace1d,3201,0,0,False,harmful idle fallback,1,1,1298.76,var/matches/matches/20260829T000639Z-3b4464f0686c-release-switch-shield-g5-vs-release-deep-denial-g4.ndjson,var/matches/recordings/20260829T000639Z-3b4464f0686c-release-switch-shield-g5-vs-release-deep-denial-g4.frames.ndjson,694f82693463bd544cd8f3c3cc0e716ce1ab2aa48db9e1dd1ccbc6ef3778ce8e,5549c2ab671af30e50f4e2d917ba2223cd0103ad1ebe3d9f1ac29944d121d682
133c62c53ca9,shield-g5-broad,2026-08-29T00:09:12Z,2026-08-29T00:12:14Z,release-deep-denial-g4,release-switch-shield-g5,ff7060ffc0c4d91ba809a9571ce99fc9ff46fe7b4cc26d685f60036a268ace1d,692e83ee34a9d1beed7ad2586cc46906dbd3f75eba49d88a82314b6f64613724,3201,0,0,True,,0,0,1325.788,var/matches/matches/20260829T000912Z-133c62c53ca9-release-deep-denial-g4-vs-release-switch-shield-g5.ndjson,var/matches/recordings/20260829T000912Z-133c62c53ca9-release-deep-denial-g4-vs-release-switch-shield-g5.frames.ndjson,c4b75f1c83ab5fa6ccb519c3d17968256e96800eec196f6989409ec3269646e7,e9d8ceb93159348a7a351ad38bc403cd601a0b6f5d758d4805746e9c5bac7c8e
b8fa1d2b09a4,shield-g5-broad,2026-08-29T00:12:14Z,2026-08-29T00:15:20Z,release-switch-shield-g5,release-and-run,692e83ee34a9d1beed7ad2586cc46906dbd3f75eba49d88a82314b6f64613724,8cb4672d6d92b49918374f2505c69a3805c2927ab71e5d174461b53e9c5bb996,3202,0,0,False,harmful idle fallback,1,1,1350.194,var/matches/matches/20260829T001214Z-b8fa1d2b09a4-release-switch-shield-g5-vs-release-and-run.ndjson,var/matches/recordings/20260829T001214Z-b8fa1d2b09a4-release-switch-shield-g5-vs-release-and-run.frames.ndjson,be88dd216b7451064c8e6dab15d3084322ea1592b8e732a3142239d55492922f,cebf89818bd3e9383914685a3e5f28e5a515cd3a5e1450ff72cdec242d38e653
6e1a5f32b251,shield-g5-broad,2026-08-29T00:15:20Z,2026-08-29T00:18:25Z,release-and-run,release-switch-shield-g5,8cb4672d6d92b49918374f2505c69a3805c2927ab71e5d174461b53e9c5bb996,692e83ee34a9d1beed7ad2586cc46906dbd3f75eba49d88a82314b6f64613724,3202,0,0,True,,0,0,1320.207,var/matches/matches/20260829T001520Z-6e1a5f32b251-release-and-run-vs-release-switch-shield-g5.ndjson,var/matches/recordings/20260829T001520Z-6e1a5f32b251-release-and-run-vs-release-switch-shield-g5.frames.ndjson,5b515960fa80b0a3c36de784d4e3bd232bd196e5509b49ef738a0a1a5c353c79,03edf0d8bd8f1a8ae862ebc618c0eaf5ecfdce8cd69eb328398f841909be4ef2
6fc37b7e0373,shield-g5-broad,2026-08-29T00:18:25Z,2026-08-29T00:21:00Z,release-switch-shield-g5,nova-vertical,692e83ee34a9d1beed7ad2586cc46906dbd3f75eba49d88a82314b6f64613724,4dedda7a9c69f6c310f0cea31b8487a420d173d5de7bc0824684b6c45239565d,3203,0,0,True,,2,0,1251.552,var/matches/matches/20260829T001825Z-6fc37b7e0373-release-switch-shield-g5-vs-nova-vertical.ndjson,var/matches/recordings/20260829T001825Z-6fc37b7e0373-release-switch-shield-g5-vs-nova-vertical.frames.ndjson,085e705d76b713f56af7fdaf4014b9349f79aca245a9aa87988d246ef58ac5a2,a3931694a7537837512f6cbd984341fda2067297546fe9d55abafb8744b4819c
a31cfd9b7e03,shield-g5-broad,2026-08-29T00:21:01Z,2026-08-29T00:23:15Z,nova-vertical,release-switch-shield-g5,4dedda7a9c69f6c310f0cea31b8487a420d173d5de7bc0824684b6c45239565d,692e83ee34a9d1beed7ad2586cc46906dbd3f75eba49d88a82314b6f64613724,3203,0,0,True,,2,0,1193.921,var/matches/matches/20260829T002101Z-a31cfd9b7e03-nova-vertical-vs-release-switch-shield-g5.ndjson,var/matches/recordings/20260829T002101Z-a31cfd9b7e03-nova-vertical-vs-release-switch-shield-g5.frames.ndjson,fd39828ea8b91017a6301b83f6a3d8a3bbd97f80a188641c89ca9e4302065c32,b860aa3551d662598517e8b71a176b5181414496a5f27779fa1f330eb3783468
d81c5c39c306,anchor-stabilization,2026-08-29T00:23:43Z,2026-08-29T00:26:00Z,release-deep-denial-g4,simple-four-modes,ff7060ffc0c4d91ba809a9571ce99fc9ff46fe7b4cc26d685f60036a268ace1d,46d137026d0689fef3e0a48efd72c7c2fd772e1ac1557bec96435b6fa467dc40,3301,0,0,False,harmful idle fallback,1,1,1112.129,var/matches/matches/20260829T002343Z-d81c5c39c306-release-deep-denial-g4-vs-simple-four-modes.ndjson,var/matches/recordings/20260829T002343Z-d81c5c39c306-release-deep-denial-g4-vs-simple-four-modes.frames.ndjson,c9755477a6332b62dd45addbe97d6dd9b1c764f38a27f6593e8d5c49d7528c98,5ecde3502b00bd5f41427509ef7c78b32cd595fbc78da4969eed9000ef0f0689
11c5a3d82e61,anchor-stabilization,2026-08-29T00:26:00Z,2026-08-29T00:28:46Z,simple-four-modes,release-deep-denial-g4,46d137026d0689fef3e0a48efd72c7c2fd772e1ac1557bec96435b6fa467dc40,ff7060ffc0c4d91ba809a9571ce99fc9ff46fe7b4cc26d685f60036a268ace1d,3301,0,0,True,,0,0,1132.55,var/matches/matches/20260829T002600Z-11c5a3d82e61-simple-four-modes-vs-release-deep-denial-g4.ndjson,var/matches/recordings/20260829T002600Z-11c5a3d82e61-simple-four-modes-vs-release-deep-denial-g4.frames.ndjson,24b0be6d395318280803036b8a9934327c6ae2ae9e9bc412433c4db8f358c2d8,a2d36fa8b9e822e93c7ad529c5f9e90863933f157bc5f90ef871ca5a883d254c
d8e012307789,anchor-stabilization,2026-08-29T00:28:46Z,2026-08-29T00:31:48Z,release-deep-denial-g4,vertical-wingbacks,ff7060ffc0c4d91ba809a9571ce99fc9ff46fe7b4cc26d685f60036a268ace1d,862f8f28168be3cce9828d29d56f5464f500da663e37a5f11bb6d46139de5d58,3302,0,0,False,harmful idle fallback,1,1,1307.503,var/matches/matches/20260829T002846Z-d8e012307789-release-deep-denial-g4-vs-vertical-wingbacks.ndjson,var/matches/recordings/20260829T002846Z-d8e012307789-release-deep-denial-g4-vs-vertical-wingbacks.frames.ndjson,2680bcc023b3c7f6d7788afad3fee9ca7ec63b838a792c9295fc327adcb21aa2,bd12e910001c02d264d2257053642164835629b8aea84b5a17360e4f98be65ef
bb0124e55cd5,anchor-stabilization,2026-08-29T00:31:48Z,2026-08-29T00:34:50Z,vertical-wingbacks,release-deep-denial-g4,862f8f28168be3cce9828d29d56f5464f500da663e37a5f11bb6d46139de5d58,ff7060ffc0c4d91ba809a9571ce99fc9ff46fe7b4cc26d685f60036a268ace1d,3302,0,0,True,,0,0,1320.322,var/matches/matches/20260829T003148Z-bb0124e55cd5-vertical-wingbacks-vs-release-deep-denial-g4.ndjson,var/matches/recordings/20260829T003148Z-bb0124e55cd5-vertical-wingbacks-vs-release-deep-denial-g4.frames.ndjson,7a42471ee3b54d7ad2539a00a9275c5ec0bcee43bd270b0a71ec67f434e2cf0c,b956e11cf13801d56e7a1675ab75e931ceb80e38c6aa5553215eeff7fed9567c
324c10b90fd4,anchor-stabilization,2026-08-29T00:34:50Z,2026-08-29T00:37:35Z,release-and-run,simple-four-modes,8cb4672d6d92b49918374f2505c69a3805c2927ab71e5d174461b53e9c5bb996,46d137026d0689fef3e0a48efd72c7c2fd772e1ac1557bec96435b6fa467dc40,3303,0,0,True,,0,0,1146.755,var/matches/matches/20260829T003450Z-324c10b90fd4-release-and-run-vs-simple-four-modes.ndjson,var/matches/recordings/20260829T003450Z-324c10b90fd4-release-and-run-vs-simple-four-modes.frames.ndjson,ad630781c87160b2cd8b441fd81f5b003090a530e1432ab97120b87fc8afce21,189a2697bf053116d0b8c88b337b4b9a6d9bdf2080538c85a44c7f41d26d3027
0bb8470a65f5,anchor-stabilization,2026-08-29T00:37:35Z,2026-08-29T00:40:20Z,simple-four-modes,release-and-run,46d137026d0689fef3e0a48efd72c7c2fd772e1ac1557bec96435b6fa467dc40,8cb4672d6d92b49918374f2505c69a3805c2927ab71e5d174461b53e9c5bb996,3303,1,0,True,,0,0,1167.425,var/matches/matches/20260829T003735Z-0bb8470a65f5-simple-four-modes-vs-release-and-run.ndjson,var/matches/recordings/20260829T003735Z-0bb8470a65f5-simple-four-modes-vs-release-and-run.frames.ndjson,730634e8042237eb29f1ce2e4a1905e3c797bf073797ddbbdcbaf119a4d82539,2e09077283b98b6c4eb8c5d287510e519b9e174b401a01da2eee13f9a668193a
2455bdb16cd8,anchor-stabilization,2026-08-29T00:40:21Z,2026-08-29T00:43:25Z,release-and-run,vertical-wingbacks,8cb4672d6d92b49918374f2505c69a3805c2927ab71e5d174461b53e9c5bb996,862f8f28168be3cce9828d29d56f5464f500da663e37a5f11bb6d46139de5d58,3304,0,0,False,harmful idle fallback,1,1,1317.745,var/matches/matches/20260829T004021Z-2455bdb16cd8-release-and-run-vs-vertical-wingbacks.ndjson,var/matches/recordings/20260829T004021Z-2455bdb16cd8-release-and-run-vs-vertical-wingbacks.frames.ndjson,0ce767571fad120f2dbc94f02eb02e492b57fde089b465ec784335287be229ce,674f9f76a4ec083d6478594deb68984552f9c050d6940f178930f615a5727d88
6cb43741cebf,anchor-stabilization,2026-08-29T00:43:25Z,2026-08-29T00:46:30Z,vertical-wingbacks,release-and-run,862f8f28168be3cce9828d29d56f5464f500da663e37a5f11bb6d46139de5d58,8cb4672d6d92b49918374f2505c69a3805c2927ab71e5d174461b53e9c5bb996,3304,0,0,True,,0,0,1303.487,var/matches/matches/20260829T004326Z-6cb43741cebf-vertical-wingbacks-vs-release-and-run.ndjson,var/matches/recordings/20260829T004326Z-6cb43741cebf-vertical-wingbacks-vs-release-and-run.frames.ndjson,3497261692926bdef6bce8aac20dc80b01d4231d020f7af0526c82db2e47c70a,f1ab31e13af6c413a6ef6b7ab76c1ccc7d53d917f8139cac4ca443f84e8e7bac
d7652dbc91a3,anchor-stabilization,2026-08-29T00:46:30Z,2026-08-29T00:49:13Z,release-switch-shield-g5,simple-four-modes,692e83ee34a9d1beed7ad2586cc46906dbd3f75eba49d88a82314b6f64613724,46d137026d0689fef3e0a48efd72c7c2fd772e1ac1557bec96435b6fa467dc40,3305,0,0,True,,0,0,1139.216,var/matches/matches/20260829T004630Z-d7652dbc91a3-release-switch-shield-g5-vs-simple-four-modes.ndjson,var/matches/recordings/20260829T004630Z-d7652dbc91a3-release-switch-shield-g5-vs-simple-four-modes.frames.ndjson,602bc3d92f39d0efbbd77dfd60a33e32606188f8f899ac5852923058cf8158df,c99a1ec6e6541f5e5528b0161f4fd99fde12051885906660517e5044639c3869
d452abc7c9f5,anchor-stabilization,2026-08-29T00:49:13Z,2026-08-29T00:51:58Z,simple-four-modes,release-switch-shield-g5,46d137026d0689fef3e0a48efd72c7c2fd772e1ac1557bec96435b6fa467dc40,692e83ee34a9d1beed7ad2586cc46906dbd3f75eba49d88a82314b6f64613724,3305,0,0,True,,0,0,1142.353,var/matches/matches/20260829T004913Z-d452abc7c9f5-simple-four-modes-vs-release-switch-shield-g5.ndjson,var/matches/recordings/20260829T004913Z-d452abc7c9f5-simple-four-modes-vs-release-switch-shield-g5.frames.ndjson,88f9b1a6ca03a240dab9ab2a0547abb122bc04807d89cdae083c758939d44527,c17ab33af8f0a643fbe49b74e62a590ed3ea53e4affe57f5a489a41a7275af6e
335033f96cab,anchor-stabilization,2026-08-29T00:51:58Z,2026-08-29T00:55:01Z,release-switch-shield-g5,vertical-wingbacks,692e83ee34a9d1beed7ad2586cc46906dbd3f75eba49d88a82314b6f64613724,862f8f28168be3cce9828d29d56f5464f500da663e37a5f11bb6d46139de5d58,3306,1,0,False,harmful idle fallback,1,1,1333.475,var/matches/matches/20260829T005158Z-335033f96cab-release-switch-shield-g5-vs-vertical-wingbacks.ndjson,var/matches/recordings/20260829T005158Z-335033f96cab-release-switch-shield-g5-vs-vertical-wingbacks.frames.ndjson,3aaf4e9c78f87c905097a9621549d32cebd6c2b8559a5c0fcfbe297dce68b24d,dd483b0d1ac647241ad53b661719cc3a99341c4411295c9353b6c39a0ed894ac
d3fb11b2b443,anchor-stabilization,2026-08-29T00:55:01Z,2026-08-29T00:58:03Z,vertical-wingbacks,release-switch-shield-g5,862f8f28168be3cce9828d29d56f5464f500da663e37a5f11bb6d46139de5d58,692e83ee34a9d1beed7ad2586cc46906dbd3f75eba49d88a82314b6f64613724,3306,0,0,True,,0,0,1312.74,var/matches/matches/20260829T005501Z-d3fb11b2b443-vertical-wingbacks-vs-release-switch-shield-g5.ndjson,var/matches/recordings/20260829T005501Z-d3fb11b2b443-vertical-wingbacks-vs-release-switch-shield-g5.frames.ndjson,08f15a67f56030449c4904ba7d42509ed49782926c8c0fe5b66413ad0402d0ff,2e247ae02a2e3591bb2d828f629427422ccb3262502a20abd595249d17d77585
52d898b215a6,prefreeze-gauntlet,2026-08-29T01:00:23Z,2026-08-29T01:02:34Z,release-switch-shield-g5,release-deep-denial-g4,692e83ee34a9d1beed7ad2586cc46906dbd3f75eba49d88a82314b6f64613724,ff7060ffc0c4d91ba809a9571ce99fc9ff46fe7b4cc26d685f60036a268ace1d,3401,0,0,False,harmful idle fallback,1,1,1300.75,var/matches/matches/20260829T010023Z-52d898b215a6-release-switch-shield-g5-vs-release-deep-denial-g4.ndjson,var/matches/recordings/20260829T010023Z-52d898b215a6-release-switch-shield-g5-vs-release-deep-denial-g4.frames.ndjson,0f2d1527864b6eeb26e32a8e7b04625682f54252b54664ce8604c97ec2a4f3bd,fcae3e1447968066090b06ab9453c5413b02eced85a57e25399e7c18005cfcf6
f2d8a629a77d,prefreeze-gauntlet,2026-08-29T01:02:34Z,2026-08-29T01:05:39Z,release-deep-denial-g4,release-switch-shield-g5,ff7060ffc0c4d91ba809a9571ce99fc9ff46fe7b4cc26d685f60036a268ace1d,692e83ee34a9d1beed7ad2586cc46906dbd3f75eba49d88a82314b6f64613724,3401,0,0,True,,0,0,1332.911,var/matches/matches/20260829T010234Z-f2d8a629a77d-release-deep-denial-g4-vs-release-switch-shield-g5.ndjson,var/matches/recordings/20260829T010234Z-f2d8a629a77d-release-deep-denial-g4-vs-release-switch-shield-g5.frames.ndjson,f7b26ac95fb29c09a63e6e93a5b8ef564ad8b121e21f43a37b7fa005f6585260,3c3c8b02799a8b1e415d8859f35b6ebaac81fe90aa28bfedcc102d8ea39c9373
c5398b9dd196,prefreeze-gauntlet,2026-08-29T01:05:39Z,2026-08-29T01:08:46Z,release-switch-shield-g5,release-and-run,692e83ee34a9d1beed7ad2586cc46906dbd3f75eba49d88a82314b6f64613724,8cb4672d6d92b49918374f2505c69a3805c2927ab71e5d174461b53e9c5bb996,3402,0,0,False,harmful idle fallback,1,1,1344.242,var/matches/matches/20260829T010539Z-c5398b9dd196-release-switch-shield-g5-vs-release-and-run.ndjson,var/matches/recordings/20260829T010539Z-c5398b9dd196-release-switch-shield-g5-vs-release-and-run.frames.ndjson,9fa8edae8d0b3d3bdf27b13c6a9d81aa474b362173428796ccf1868dd0a7af43,e5c56c63fdc6cf5e1fff1ddb18120e0c26f9250f4895b974e7b73185c8acbd6e
38646b2f2239,prefreeze-gauntlet,2026-08-29T01:08:46Z,2026-08-29T01:11:50Z,release-and-run,release-switch-shield-g5,8cb4672d6d92b49918374f2505c69a3805c2927ab71e5d174461b53e9c5bb996,692e83ee34a9d1beed7ad2586cc46906dbd3f75eba49d88a82314b6f64613724,3402,0,0,True,,0,0,1330.202,var/matches/matches/20260829T010846Z-38646b2f2239-release-and-run-vs-release-switch-shield-g5.ndjson,var/matches/recordings/20260829T010846Z-38646b2f2239-release-and-run-vs-release-switch-shield-g5.frames.ndjson,f553f5a0e7c90d56cf4bb53c9d87ea36666853464c647f7053350998034a2d9b,4ed495ca99736520654f87e8c4ae382d141727ee2f6e574b7812750523b04bbc
1d17d22dd9b6,prefreeze-gauntlet,2026-08-29T01:11:50Z,2026-08-29T01:14:29Z,release-switch-shield-g5,nova-vertical,692e83ee34a9d1beed7ad2586cc46906dbd3f75eba49d88a82314b6f64613724,4dedda7a9c69f6c310f0cea31b8487a420d173d5de7bc0824684b6c45239565d,3403,0,0,True,,4,0,1244.213,var/matches/matches/20260829T011150Z-1d17d22dd9b6-release-switch-shield-g5-vs-nova-vertical.ndjson,var/matches/recordings/20260829T011150Z-1d17d22dd9b6-release-switch-shield-g5-vs-nova-vertical.frames.ndjson,1c0a04e9d558920a17ca085c1acf3d5f49c161191e2d4b116ca74fcd80a173e7,9e9b244860d2df3c8f6876edf1186ec5e592c48d70a0034cf36c7a6fa8ea409f
a0e492920b58,prefreeze-gauntlet,2026-08-29T01:14:29Z,2026-08-29T01:17:03Z,nova-vertical,release-switch-shield-g5,4dedda7a9c69f6c310f0cea31b8487a420d173d5de7bc0824684b6c45239565d,692e83ee34a9d1beed7ad2586cc46906dbd3f75eba49d88a82314b6f64613724,3403,0,0,True,,0,0,1224.132,var/matches/matches/20260829T011429Z-a0e492920b58-nova-vertical-vs-release-switch-shield-g5.ndjson,var/matches/recordings/20260829T011429Z-a0e492920b58-nova-vertical-vs-release-switch-shield-g5.frames.ndjson,7597b0e39c70cfdaf0026964721bbd7d7b3bf1d2b88338cb8b6bd396266fb0cf,98a7304cf033be98addf0e0b88185a93c783fc8372e9bf65a9109756507a2c3b
9d2ebda4945a,prefreeze-gauntlet,2026-08-29T01:17:03Z,2026-08-29T01:19:48Z,release-switch-shield-g5,simple-four-modes,692e83ee34a9d1beed7ad2586cc46906dbd3f75eba49d88a82314b6f64613724,46d137026d0689fef3e0a48efd72c7c2fd772e1ac1557bec96435b6fa467dc40,3404,0,0,True,,0,0,1147.653,var/matches/matches/20260829T011703Z-9d2ebda4945a-release-switch-shield-g5-vs-simple-four-modes.ndjson,var/matches/recordings/20260829T011703Z-9d2ebda4945a-release-switch-shield-g5-vs-simple-four-modes.frames.ndjson,b9e907d56f26325430196570cf94450263cc7f91366b9b34679c5ffe2035332c,8d61d155d155036e74ec54325fa7aaefdef828c9df7700573e7f083aacf8ae0f
58b83ce65c32,prefreeze-gauntlet,2026-08-29T01:19:48Z,2026-08-29T01:22:32Z,simple-four-modes,release-switch-shield-g5,46d137026d0689fef3e0a48efd72c7c2fd772e1ac1557bec96435b6fa467dc40,692e83ee34a9d1beed7ad2586cc46906dbd3f75eba49d88a82314b6f64613724,3404,1,0,True,,0,0,1112.758,var/matches/matches/20260829T011948Z-58b83ce65c32-simple-four-modes-vs-release-switch-shield-g5.ndjson,var/matches/recordings/20260829T011948Z-58b83ce65c32-simple-four-modes-vs-release-switch-shield-g5.frames.ndjson,fd8d0972a596550018bc5c3766f8c83c0e490de184d7c2cf56d0cac6c99735bb,757b66368d0d90c897d8181f377875b22a930e4056189c930c5d7c5afe65551b
71a90c70dd65,prefreeze-gauntlet,2026-08-29T01:22:32Z,2026-08-29T01:24:56Z,release-switch-shield-g5,strict-switch-counter-g4,692e83ee34a9d1beed7ad2586cc46906dbd3f75eba49d88a82314b6f64613724,6bbafafba7a7780b92c6b70ae4135c86cbe74ba8ec18f5769121128e9da690c4,3405,0,0,True,,0,0,1234.865,var/matches/matches/20260829T012232Z-71a90c70dd65-release-switch-shield-g5-vs-strict-switch-counter-g4.ndjson,var/matches/recordings/20260829T012232Z-71a90c70dd65-release-switch-shield-g5-vs-strict-switch-counter-g4.frames.ndjson,808ac634058834b34bc3767a9fcd0a20b1d2a8d6e71c689f3212a9de6b4f944f,c52675390a68b79d1e7eaa7e4ba8a670f6958af00d81f8da7ef858b6dc54c850
28d2f5d48f65,prefreeze-gauntlet,2026-08-29T01:24:56Z,2026-08-29T01:27:25Z,strict-switch-counter-g4,release-switch-shield-g5,6bbafafba7a7780b92c6b70ae4135c86cbe74ba8ec18f5769121128e9da690c4,692e83ee34a9d1beed7ad2586cc46906dbd3f75eba49d88a82314b6f64613724,3405,0,0,False,harmful idle fallback,1,1,1223.163,var/matches/matches/20260829T012456Z-28d2f5d48f65-strict-switch-counter-g4-vs-release-switch-shield-g5.ndjson,var/matches/recordings/20260829T012456Z-28d2f5d48f65-strict-switch-counter-g4-vs-release-switch-shield-g5.frames.ndjson,7ab9a2753afad10afcd56a954080abf60ecc8e2201f4371bbf7963c8965f0b2c,b9156e4b524b5c7cd1050c5494797266da08bc0c8c63716828218efef18a3a54
9f280154a0ff,final-validation,2026-08-29T01:30:20Z,2026-08-29T01:32:34Z,release-deep-denial-g4,release-switch-shield-g5,ff7060ffc0c4d91ba809a9571ce99fc9ff46fe7b4cc26d685f60036a268ace1d,692e83ee34a9d1beed7ad2586cc46906dbd3f75eba49d88a82314b6f64613724,9101,0,0,False,harmful idle fallback,3,3,1301.247,var/matches/matches/20260829T013020Z-9f280154a0ff-release-deep-denial-g4-vs-release-switch-shield-g5.ndjson,var/matches/recordings/20260829T013020Z-9f280154a0ff-release-deep-denial-g4-vs-release-switch-shield-g5.frames.ndjson,6e04708aab8f62d8b744e0af000206354ba2702f4bb58a7a2dbb623633b08cf4,6dd69c9148c331de5a611371438d7c11ba1e2131107cd82f773cd64eff198e4f
179e6d7796b5,final-validation,2026-08-29T01:32:34Z,2026-08-29T01:35:38Z,release-switch-shield-g5,release-deep-denial-g4,692e83ee34a9d1beed7ad2586cc46906dbd3f75eba49d88a82314b6f64613724,ff7060ffc0c4d91ba809a9571ce99fc9ff46fe7b4cc26d685f60036a268ace1d,9101,0,0,True,,0,0,1328.677,var/matches/matches/20260829T013234Z-179e6d7796b5-release-switch-shield-g5-vs-release-deep-denial-g4.ndjson,var/matches/recordings/20260829T013234Z-179e6d7796b5-release-switch-shield-g5-vs-release-deep-denial-g4.frames.ndjson,bd7dcf3b18b88f57a996eed64721aa1b91a70f967dec3c037600339ae9387355,c7fbe118dd262ecf5a691956edd0cb375d91ca24c4033b9bb9acc08f2123a733
96eb83b41ad8,final-validation,2026-08-29T01:35:38Z,2026-08-29T01:38:24Z,release-deep-denial-g4,simple-four-modes,ff7060ffc0c4d91ba809a9571ce99fc9ff46fe7b4cc26d685f60036a268ace1d,46d137026d0689fef3e0a48efd72c7c2fd772e1ac1557bec96435b6fa467dc40,9102,0,0,True,,0,0,1149.305,var/matches/matches/20260829T013538Z-96eb83b41ad8-release-deep-denial-g4-vs-simple-four-modes.ndjson,var/matches/recordings/20260829T013538Z-96eb83b41ad8-release-deep-denial-g4-vs-simple-four-modes.frames.ndjson,bbff294bbfa3ad965baecfa83804a6c8f0c155b280dddb29bf8e375466da2007,fefc30f6bad7a215d5215b7d282cd1060b435a02b513fde08b7ba7a3d8db1d1c
8ee85eb85733,final-validation,2026-08-29T01:38:24Z,2026-08-29T01:41:10Z,simple-four-modes,release-deep-denial-g4,46d137026d0689fef3e0a48efd72c7c2fd772e1ac1557bec96435b6fa467dc40,ff7060ffc0c4d91ba809a9571ce99fc9ff46fe7b4cc26d685f60036a268ace1d,9102,1,0,True,,0,0,1121.735,var/matches/matches/20260829T013824Z-8ee85eb85733-simple-four-modes-vs-release-deep-denial-g4.ndjson,var/matches/recordings/20260829T013824Z-8ee85eb85733-simple-four-modes-vs-release-deep-denial-g4.frames.ndjson,25659f22f968dbe82bb59621aa7113229a69eeeca3485b59ec50b81a57c42f4d,8a9f4f015e7c7b58f244646a12111a4a16b893a6a1ba018befb18788353bac14
a1ad315cbc34,final-validation,2026-08-29T01:41:10Z,2026-08-29T01:43:56Z,release-switch-shield-g5,simple-four-modes,692e83ee34a9d1beed7ad2586cc46906dbd3f75eba49d88a82314b6f64613724,46d137026d0689fef3e0a48efd72c7c2fd772e1ac1557bec96435b6fa467dc40,9103,0,0,True,,0,0,1138.682,var/matches/matches/20260829T014110Z-a1ad315cbc34-release-switch-shield-g5-vs-simple-four-modes.ndjson,var/matches/recordings/20260829T014110Z-a1ad315cbc34-release-switch-shield-g5-vs-simple-four-modes.frames.ndjson,4e0acf97db8f1022f603074f740c95df6d002350543caa5f743cf25c00fc9ed1,72cb986200e647afac90cd5207efcee3d3cf392dc4c943cdb4eb62e9485e918a
9518e257ff84,final-validation,2026-08-29T01:43:56Z,2026-08-29T01:46:39Z,simple-four-modes,release-switch-shield-g5,46d137026d0689fef3e0a48efd72c7c2fd772e1ac1557bec96435b6fa467dc40,692e83ee34a9d1beed7ad2586cc46906dbd3f75eba49d88a82314b6f64613724,9103,0,0,False,harmful idle fallback,1,1,1134.248,var/matches/matches/20260829T014356Z-9518e257ff84-simple-four-modes-vs-release-switch-shield-g5.ndjson,var/matches/recordings/20260829T014356Z-9518e257ff84-simple-four-modes-vs-release-switch-shield-g5.frames.ndjson,59c23bcaa33b4feaf5d7a23744003c2b92c8b12368bb2e1573ec6eb34169d9ce,83057768a15cae397db35547007e756158c5ebe03ee90df6fa5bcf9612ac14f3
6be5d001d6c5,final-validation,2026-08-29T01:46:39Z,2026-08-29T01:49:13Z,release-deep-denial-g4,nova-vertical,ff7060ffc0c4d91ba809a9571ce99fc9ff46fe7b4cc26d685f60036a268ace1d,4dedda7a9c69f6c310f0cea31b8487a420d173d5de7bc0824684b6c45239565d,9104,0,0,True,,5,0,1221.803,var/matches/matches/20260829T014639Z-6be5d001d6c5-release-deep-denial-g4-vs-nova-vertical.ndjson,var/matches/recordings/20260829T014639Z-6be5d001d6c5-release-deep-denial-g4-vs-nova-vertical.frames.ndjson,19ff408a85494aad98e03d670e7c18dbbe878a7d37c9757586ff9ffd9715ef17,1d3564d2927ad4ffe2cb784e1fd1471dc5d311df00d4f0a349bbd89463a885a2
ce42128303aa,final-validation,2026-08-29T01:49:13Z,2026-08-29T01:51:33Z,nova-vertical,release-deep-denial-g4,4dedda7a9c69f6c310f0cea31b8487a420d173d5de7bc0824684b6c45239565d,ff7060ffc0c4d91ba809a9571ce99fc9ff46fe7b4cc26d685f60036a268ace1d,9104,0,0,True,,0,0,1192.174,var/matches/matches/20260829T014913Z-ce42128303aa-nova-vertical-vs-release-deep-denial-g4.ndjson,var/matches/recordings/20260829T014913Z-ce42128303aa-nova-vertical-vs-release-deep-denial-g4.frames.ndjson,6632175aecf9b7c2fb2f4029f35e1a0adc0a5078087304cf1935d66103dabeb8,9761fbfd3e7e9ac097e08ee5d853ac48ba0b1315a8bbc397ba8b1f538a409446
fbbfe6fe9055,final-validation,2026-08-29T01:51:33Z,2026-08-29T01:54:09Z,release-switch-shield-g5,nova-vertical,692e83ee34a9d1beed7ad2586cc46906dbd3f75eba49d88a82314b6f64613724,4dedda7a9c69f6c310f0cea31b8487a420d173d5de7bc0824684b6c45239565d,9105,0,0,True,,1,0,1251.759,var/matches/matches/20260829T015133Z-fbbfe6fe9055-release-switch-shield-g5-vs-nova-vertical.ndjson,var/matches/recordings/20260829T015133Z-fbbfe6fe9055-release-switch-shield-g5-vs-nova-vertical.frames.ndjson,819e64e0ce7af9b76734f578d526a69a32a9bf45dd61008453fd3a95d409bad2,9bb0156323be4b1fa482ffd6d00be1c2e0a2af496fb4a2408e34ef938c1b234e
af20ad464b62,final-validation,2026-08-29T01:54:09Z,2026-08-29T01:56:25Z,nova-vertical,release-switch-shield-g5,4dedda7a9c69f6c310f0cea31b8487a420d173d5de7bc0824684b6c45239565d,692e83ee34a9d1beed7ad2586cc46906dbd3f75eba49d88a82314b6f64613724,9105,0,0,True,,1,0,1206.18,var/matches/matches/20260829T015409Z-af20ad464b62-nova-vertical-vs-release-switch-shield-g5.ndjson,var/matches/recordings/20260829T015409Z-af20ad464b62-nova-vertical-vs-release-switch-shield-g5.frames.ndjson,3a106984d2dcbce9981626c7bb89addc9767821744b9a5442d62b120f7a41c9f,f6920f5e8d2dc9f7f17a57ec7125e75b1f371f4d76534585e680a1bc937b5256
358b614413ba,final-validation,2026-08-29T01:56:25Z,2026-08-29T01:58:47Z,release-deep-denial-g4,strict-switch-counter-g4,ff7060ffc0c4d91ba809a9571ce99fc9ff46fe7b4cc26d685f60036a268ace1d,6bbafafba7a7780b92c6b70ae4135c86cbe74ba8ec18f5769121128e9da690c4,9106,1,0,True,,2,0,1197.627,var/matches/matches/20260829T015625Z-358b614413ba-release-deep-denial-g4-vs-strict-switch-counter-g4.ndjson,var/matches/recordings/20260829T015625Z-358b614413ba-release-deep-denial-g4-vs-strict-switch-counter-g4.frames.ndjson,5b58c3751fe1aeaa8788aa1c697ac0fbb963f8ea0839e00acd0272ea313a3ff7,422ffa150836c399bf8c156983c189235bf85503ca305f37f153c9b5df9e5ae1
87234b2ae5b9,final-validation,2026-08-29T01:58:47Z,2026-08-29T02:01:09Z,strict-switch-counter-g4,release-deep-denial-g4,6bbafafba7a7780b92c6b70ae4135c86cbe74ba8ec18f5769121128e9da690c4,ff7060ffc0c4d91ba809a9571ce99fc9ff46fe7b4cc26d685f60036a268ace1d,9106,1,0,True,,1,0,1210.753,var/matches/matches/20260829T015847Z-87234b2ae5b9-strict-switch-counter-g4-vs-release-deep-denial-g4.ndjson,var/matches/recordings/20260829T015847Z-87234b2ae5b9-strict-switch-counter-g4-vs-release-deep-denial-g4.frames.ndjson,807f8e71019f74bcc2dd562e72ff3884b386a1dd042da40ffc14efd5d132e2a1,cd884fff08de68578e5c5656207feec5e0d249a2fc6b7fd5f33890a031984c05
a344df5ff30a,final-anchor-stabilization,2026-08-29T02:02:11Z,2026-08-29T02:04:01Z,simple-four-modes,release-and-run,46d137026d0689fef3e0a48efd72c7c2fd772e1ac1557bec96435b6fa467dc40,8cb4672d6d92b49918374f2505c69a3805c2927ab71e5d174461b53e9c5bb996,9107,0,0,False,harmful idle fallback,3,3,1149.8,var/matches/matches/20260829T020211Z-a344df5ff30a-simple-four-modes-vs-release-and-run.ndjson,var/matches/recordings/20260829T020211Z-a344df5ff30a-simple-four-modes-vs-release-and-run.frames.ndjson,ba5dac19e6a3604568805cf41714ea4310702ebcde95db8e5fc3dc36414f03f7,fd8aacec7091b41cc581d24f7d4885e60c99bf9bb47f5b80413513136326b747
7ef9e91569c1,final-anchor-stabilization,2026-08-29T02:04:01Z,2026-08-29T02:06:45Z,release-and-run,simple-four-modes,8cb4672d6d92b49918374f2505c69a3805c2927ab71e5d174461b53e9c5bb996,46d137026d0689fef3e0a48efd72c7c2fd772e1ac1557bec96435b6fa467dc40,9107,0,0,True,,0,0,1152.333,var/matches/matches/20260829T020401Z-7ef9e91569c1-release-and-run-vs-simple-four-modes.ndjson,var/matches/recordings/20260829T020401Z-7ef9e91569c1-release-and-run-vs-simple-four-modes.frames.ndjson,1e7bb15ed34dd372f4fb2f5a3026a8cf2b511d201f1c937ca3578c6d65e0d004,b42ad53e6da9f24ab9bb84a9ce2c734321131c37d3c169f5f0c782d500b2969d
